{"schema": 1719024771991, "derHash": "f+VXL76TSvxBUWUf7wmLmUCkeWbECFV3MU1xBM3oQyk=", "subject": "CN=SSL.com EV TLS Transit ECC CA R2,O=SSL Corporation,C=US", "subjectDN": "MFIxCzAJBgNVBAYTAlVTMRgwFgYDVQQKDA9TU0wgQ29ycG9yYXRpb24xKTAnBgNVBAMMIFNTTC5jb20gRVYgVExTIFRyYW5zaXQgRUNDIENBIFIy", "whitelist": false, "attachment": {"hash": "9eab9d4614f96a6e18b8525b20c15197bcf21286de199ef3ebcc813ac73dd3ba", "size": 1406, "filename": "YhmwQZRxuMMLT6QK3cqSB3SCtkKBIgqOYUC1UCixGUM=.pem", "location": "security-state-staging/intermediates/60390ed2-14e9-4c8c-bad1-9eec6ae0bf55.pem", "mimetype": "application/x-pem-file"}, "pubKeyHash": "YhmwQZRxuMMLT6QK3cqSB3SCtkKBIgqOYUC1UCixGUM=", "crlite_enrolled": false, "id": "02193840-91ed-4fcb-be07-f1751f47f98a", "last_modified": 1719025023256}