{"schema": 1691203693964, "derHash": "G6WQuauUkWYO10eflTmXyqccPbJR+h0q8ffvi1Ljb58=", "subject": "CN=CTI RSA DV SSL CA,O=Centre Testing International Group Co.\\, Ltd.,C=CN", "subjectDN": "MGAxCzAJBgNVBAYTAkNOMTUwMwYDVQQKEyxDZW50cmUgVGVzdGluZyBJbnRlcm5hdGlvbmFsIEdyb3VwIENvLiwgTHRkLjEaMBgGA1UEAxMRQ1RJIFJTQSBEViBTU0wgQ0E=", "whitelist": false, "attachment": {"hash": "2fc04beb98a1fac8ccb12fb099d14bce5af29e1fdcee8a88939733f7fa211016", "size": 2276, "filename": "ifZJTwazhcIvbMJvHrlemylPKtkwymbdh784dNtQeM4=.pem", "location": "security-state-staging/intermediates/531f8ea9-9433-4940-b07d-e17fad731b92.pem", "mimetype": "application/x-pem-file"}, "pubKeyHash": "ifZJTwazhcIvbMJvHrlemylPKtkwymbdh784dNtQeM4=", "crlite_enrolled": false, "id": "0242013f-85c9-4861-937f-7512d7d5ca8b", "last_modified": 1691204223444}