{"schema": 1710557652358, "derHash": "QYXfl4BsK6dvHXmCPxEv+mOaSczcmQkIECBnq2QSuIY=", "subject": "CN=E9,O=Let's Encrypt,C=US", "subjectDN": "MDIxCzAJBgNVBAYTAlVTMRYwFAYDVQQKEw1MZXQncyBFbmNyeXB0MQswCQYDVQQDEwJFOQ==", "whitelist": false, "attachment": {"hash": "dd0e77f937de5f95d9b2bc38a9508960d8ca86838ef36c489bc9a7c9e5c94492", "size": 996, "filename": "8UQKm3bh5B5TpMtGEym_Yze0GXJr5RPkLhnxxpHF1LI=.pem", "location": "security-state-staging/intermediates/c9f44b8b-4670-440c-9987-bcee06fda84a.pem", "mimetype": "application/x-pem-file"}, "pubKeyHash": "8UQKm3bh5B5TpMtGEym/Yze0GXJr5RPkLhnxxpHF1LI=", "crlite_enrolled": false, "id": "04914e40-9ad6-4efe-96f9-6858e21f0bc4", "last_modified": 1710557823255}