{"schema": 1691203690099, "derHash": "VQhFPCBpzOgNzdFAcm0JfesIzuDJs1Z4Y9K1FqI11mY=", "subject": "CN=RZTrust RSA EV SSL CA,O=Zhongxiong Century Credit Co.\\, Ltd,C=CN", "subjectDN": "MFoxCzAJBgNVBAYTAkNOMSswKQYDVQQKEyJaaG9uZ3hpb25nIENlbnR1cnkgQ3JlZGl0IENvLiwgTHRkMR4wHAYDVQQDExVSWlRydXN0IFJTQSBFViBTU0wgQ0E=", "whitelist": false, "attachment": {"hash": "3ea98e93d19c3f0dc77ff246cfb3bebd799456a619def694fc2bc2bcbf841c0a", "size": 2247, "filename": "LKHsYTSR_RFJrtmXsqYZ3GhXXG-_mwg7O0hjoH89uQM=.pem", "location": "security-state-staging/intermediates/7e21ec9e-cadd-4f21-83ed-0f21a3ba67e2.pem", "mimetype": "application/x-pem-file"}, "pubKeyHash": "LKHsYTSR/RFJrtmXsqYZ3GhXXG+/mwg7O0hjoH89uQM=", "crlite_enrolled": false, "id": "06671dc7-b750-4b06-9852-e3b4a0ad0d70", "last_modified": 1691204223411}