{"schema": 1687816081505, "derHash": "fxrXOHjg6nz9cFZ1xN2miMsl4SL2yFZP3fwUvb8EGDc=", "subject": "CN=LATSSL EV TLS Issuing RSA CA 1,O=LATSSL (Intradigital Soluciones Tecnologicas S. de R.L. de C.V),C=MX", "subjectDN": "MIGAMQswCQYDVQQGEwJNWDFIMEYGA1UECgw/TEFUU1NMIChJbnRyYWRpZ2l0YWwgU29sdWNpb25lcyBUZWNub2xvZ2ljYXMgUy4gZGUgUi5MLiBkZSBDLlYpMScwJQYDVQQDDB5MQVRTU0wgRVYgVExTIElzc3VpbmcgUlNBIENBIDE=", "whitelist": false, "attachment": {"hash": "9d0d9016e5744a3c0ac5fbf9c233299993b44f712424d692d3274df4c68dca3a", "size": 2393, "filename": "qf37enNi1OcQ1LDIDTLDgFICNwKh-fDECCAXU1KQbYU=.pem", "location": "security-state-staging/intermediates/800aa953-54b2-4661-9185-868b7b9e345c.pem", "mimetype": "application/x-pem-file"}, "pubKeyHash": "qf37enNi1OcQ1LDIDTLDgFICNwKh+fDECCAXU1KQbYU=", "crlite_enrolled": false, "id": "0c16b2ff-27ba-41f9-b609-cf6610888cc3", "last_modified": 1687816623245}