{"schema": 1690296478406, "derHash": "wEww5A3X6WmC+GBuvvNVSOXG9PeSpSpReM8koOn9c5Y=", "subject": "CN=e-Szigno DV TLS CA 2023,O=Microsec Ltd.,L=Budapest,C=HU", "subjectDN": "MHMxCzAJBgNVBAYTAkhVMREwDwYDVQQHDAhCdWRhcGVzdDEWMBQGA1UECgwNTWljcm9zZWMgTHRkLjEXMBUGA1UEYQwOVkFUSFUtMjM1ODQ0OTcxIDAeBgNVBAMMF2UtU3ppZ25vIERWIFRMUyBDQSAyMDIz", "whitelist": false, "attachment": {"hash": "e024d6f71f79e22a937ce5712dfbf1c17be250937f7a1a1b7aaa69d96607e27b", "size": 1431, "filename": "XxwXFeAhoV94cB2wpw1cfCsPS8BPvJevCyCobm4QKxg=.pem", "location": "security-state-staging/intermediates/6e6e1fde-6155-4773-b392-6ee7800fcbdc.pem", "mimetype": "application/x-pem-file"}, "pubKeyHash": "XxwXFeAhoV94cB2wpw1cfCsPS8BPvJevCyCobm4QKxg=", "crlite_enrolled": false, "id": "0d228708-baa8-45e3-a4ea-0bce48f43f86", "last_modified": 1690297023208}