{"schema": 1719024772313, "derHash": "/p+w94PruEMQmqMd6dqYZLZUKUDDB98jGAsR8ffhCN4=", "subject": "CN=SSL.com TLS Transit ECC CA R2,O=SSL Corporation,C=US", "subjectDN": "ME8xCzAJBgNVBAYTAlVTMRgwFgYDVQQKDA9TU0wgQ29ycG9yYXRpb24xJjAkBgNVBAMMHVNTTC5jb20gVExTIFRyYW5zaXQgRUNDIENBIFIy", "whitelist": false, "attachment": {"hash": "be14d7376806b71c91552e2f864b32818eebd29d61899c09dbd2166351212890", "size": 1382, "filename": "OXyj9ngbqO9cjLeO_-t9Ggl2EP4JTnVWHq4LEwhFM9w=.pem", "location": "security-state-staging/intermediates/3fa21f3a-2ff3-4972-af95-fb2d086804bd.pem", "mimetype": "application/x-pem-file"}, "pubKeyHash": "OXyj9ngbqO9cjLeO/+t9Ggl2EP4JTnVWHq4LEwhFM9w=", "crlite_enrolled": false, "id": "0ff4c892-1613-4af3-809c-3c6b5ece0e72", "last_modified": 1719025023263}