{"schema": 1691203683576, "derHash": "CleC4EK66KM/Icbn349qRTRCrArOkxgMA5f4BQyvCME=", "subject": "CN=CTI RSA OV SSL CA,O=Centre Testing International Group Co.\\, Ltd.,C=CN", "subjectDN": "MGAxCzAJBgNVBAYTAkNOMTUwMwYDVQQKEyxDZW50cmUgVGVzdGluZyBJbnRlcm5hdGlvbmFsIEdyb3VwIENvLiwgTHRkLjEaMBgGA1UEAxMRQ1RJIFJTQSBPViBTU0wgQ0E=", "whitelist": false, "attachment": {"hash": "588b2ee4526985bd7deca3fbbe508c06ff6e2b917377b07b98251d66b605c526", "size": 2276, "filename": "puZl_mcZtunCncJS3dmJ2OvShUNN9csPspHtJRBwosU=.pem", "location": "security-state-staging/intermediates/8aa4992a-7bbb-4e84-a5b4-02f457b836d0.pem", "mimetype": "application/x-pem-file"}, "pubKeyHash": "puZl/mcZtunCncJS3dmJ2OvShUNN9csPspHtJRBwosU=", "crlite_enrolled": false, "id": "109af196-56bb-481d-9b55-86018ba4d73c", "last_modified": 1691204223388}