{"schema": 1710557653101, "derHash": "Ex/Od4QBaJmloAIDqe/IDxjrvXVYBxftwVU1gJMINuw=", "subject": "CN=R12,O=Let's Encrypt,C=US", "subjectDN": "MDMxCzAJBgNVBAYTAlVTMRYwFAYDVQQKEw1MZXQncyBFbmNyeXB0MQwwCgYDVQQDEwNSMTI=", "whitelist": false, "attachment": {"hash": "f5c1e03c9d4d299af1ec42ade782748f4cab780f708979e1f6be00a18f420591", "size": 1800, "filename": "kZwN96eHtZftBWrOZUsd6cA4es80n3NzSk_XtYz2EqQ=.pem", "location": "security-state-staging/intermediates/b27616f6-d705-4101-99c7-225fc36c5276.pem", "mimetype": "application/x-pem-file"}, "pubKeyHash": "kZwN96eHtZftBWrOZUsd6cA4es80n3NzSk/XtYz2EqQ=", "crlite_enrolled": false, "id": "1224b785-8a96-4bdc-bd99-cf9cf1a91fe8", "last_modified": 1710557823225}