{"schema": 1710557651622, "derHash": "g2JP0zjI2bAjwYpny3qcBRnaQ9EXdbTGy9rUXD2ZfFI=", "subject": "CN=E8,O=Let's Encrypt,C=US", "subjectDN": "MDIxCzAJBgNVBAYTAlVTMRYwFAYDVQQKEw1MZXQncyBFbmNyeXB0MQswCQYDVQQDEwJFOA==", "whitelist": false, "attachment": {"hash": "55a1393645174b530ee0bc29e53a01df5802e864e568402988f0a4b03b25063a", "size": 1565, "filename": "iFvwVyJSxnQdyaUvUERIf-8qk7gRze3612JMwoO3zdU=.pem", "location": "security-state-staging/intermediates/08e1a7b8-7f72-4887-bcff-e14095cb1921.pem", "mimetype": "application/x-pem-file"}, "pubKeyHash": "iFvwVyJSxnQdyaUvUERIf+8qk7gRze3612JMwoO3zdU=", "crlite_enrolled": false, "id": "126f7654-6ee4-4022-bba6-595372f9e7e9", "last_modified": 1710557823261}