{"schema": 1719024774371, "derHash": "woof3xSuPwRfvF4WAqAQMKdyNsxSJn8jYImcgy6XXBU=", "subject": "CN=SSL.com OV TLS Issuing RSA CA 1,O=SSL Corporation,C=US", "subjectDN": "MFExCzAJBgNVBAYTAlVTMRgwFgYDVQQKDA9TU0wgQ29ycG9yYXRpb24xKDAmBgNVBAMMH1NTTC5jb20gT1YgVExTIElzc3VpbmcgUlNBIENBIDE=", "whitelist": false, "attachment": {"hash": "d5c50345eadd12dcfdb648e4b0505d9965485d426dcdf4fa382c2909d563497e", "size": 1813, "filename": "hAjHe-3BykIlgjLNTOWLMDSaNA7iWDMBf9vMHQFxBfM=.pem", "location": "security-state-staging/intermediates/d59f9ef5-45f8-4953-a99f-8cb62cdb168d.pem", "mimetype": "application/x-pem-file"}, "pubKeyHash": "hAjHe+3BykIlgjLNTOWLMDSaNA7iWDMBf9vMHQFxBfM=", "crlite_enrolled": false, "id": "1341aca7-8299-4d1f-849b-e714ffc036c1", "last_modified": 1719025023279}