{"schema": 1709322862349, "derHash": "ckJBfbqtFKmzf6nNYL6lZU8gw7XvbeiD6V3cWNSFR6c=", "subject": "CN=CloudSecure RSA Organization Validation Secure Server CA 2,O=CloudSecure Corporation,C=JP", "subjectDN": "MHQxCzAJBgNVBAYTAkpQMSAwHgYDVQQKExdDbG91ZFNlY3VyZSBDb3Jwb3JhdGlvbjFDMEEGA1UEAxM6Q2xvdWRTZWN1cmUgUlNBIE9yZ2FuaXphdGlvbiBWYWxpZGF0aW9uIFNlY3VyZSBTZXJ2ZXIgQ0EgMg==", "whitelist": false, "attachment": {"hash": "7a4f3f78fee45b90c27ad40e93823927b437902e6e57b223874fe3f383445197", "size": 2304, "filename": "Iu5dk2QcXxmoM5qhlUdD0pxpGFJGscbvGtxX_B-p5Kg=.pem", "location": "security-state-staging/intermediates/59b4453f-c97e-4f86-8f39-cfa809c124ce.pem", "mimetype": "application/x-pem-file"}, "pubKeyHash": "Iu5dk2QcXxmoM5qhlUdD0pxpGFJGscbvGtxX/B+p5Kg=", "crlite_enrolled": false, "id": "14b4ae02-05a1-4223-a420-35328f2932ae", "last_modified": 1709323057606}