{"schema": 1691203692568, "derHash": "zeb9wTaN9xvxVrhrADFKVgdXjzdhLfs/l0sFhjvnyR4=", "subject": "CN=RZTrust RSA DV SSL CA,O=Zhongxiong Century Credit Co.\\, Ltd,C=CN", "subjectDN": "MFoxCzAJBgNVBAYTAkNOMSswKQYDVQQKEyJaaG9uZ3hpb25nIENlbnR1cnkgQ3JlZGl0IENvLiwgTHRkMR4wHAYDVQQDExVSWlRydXN0IFJTQSBEViBTU0wgQ0E=", "whitelist": false, "attachment": {"hash": "bcc7eb3e401c9354781e4a111d9a66cabaaacd5571d8c57cc065588f9e3a9626", "size": 2272, "filename": "CvG_oJAQ1nLBEr_xZ4F2a1M9zKoziZs8AkFwzEMnDeE=.pem", "location": "security-state-staging/intermediates/57031cca-d6df-442a-98c2-195889df0a95.pem", "mimetype": "application/x-pem-file"}, "pubKeyHash": "CvG/oJAQ1nLBEr/xZ4F2a1M9zKoziZs8AkFwzEMnDeE=", "crlite_enrolled": false, "id": "196740fe-c3b6-4752-87f5-1f50f2a38a13", "last_modified": 1691204223468}