{"schema": 1691203684279, "derHash": "r47RbT5DdDfKvWOw0mlY8CINidyccOFWbsKGmlSxIz0=", "subject": "CN=CTI ECC DV SSL CA,O=Centre Testing International Group Co.\\, Ltd.,C=CN", "subjectDN": "MGAxCzAJBgNVBAYTAkNOMTUwMwYDVQQKEyxDZW50cmUgVGVzdGluZyBJbnRlcm5hdGlvbmFsIEdyb3VwIENvLiwgTHRkLjEaMBgGA1UEAxMRQ1RJIEVDQyBEViBTU0wgQ0E=", "whitelist": false, "attachment": {"hash": "11c53d8a168210d7a797e0a4702e102a3a441107c1525ce64d38f0f9a2e8cfe7", "size": 1264, "filename": "W3GhQPUDli3X3bC2rpWzAK5a9a4y6Oga3fEiMdSsWbc=.pem", "location": "security-state-staging/intermediates/0f05c5b3-5cbc-476e-a8b6-0ece35dd3467.pem", "mimetype": "application/x-pem-file"}, "pubKeyHash": "W3GhQPUDli3X3bC2rpWzAK5a9a4y6Oga3fEiMdSsWbc=", "crlite_enrolled": false, "id": "1dec9ad7-9f3b-46ea-af8b-1a2a9823b005", "last_modified": 1691204223391}