{"schema": 1702676885375, "derHash": "aAJwHw/Qlg/ytR85qusgp3jYMmGpWa0Nf/C+VCQPZz0=", "subject": "CN=Sectigo Public Server Authentication Root E46,O=Sectigo Limited,C=GB", "subjectDN": "MF8xCzAJBgNVBAYTAkdCMRgwFgYDVQQKEw9TZWN0aWdvIExpbWl0ZWQxNjA0BgNVBAMTLVNlY3RpZ28gUHVibGljIFNlcnZlciBBdXRoZW50aWNhdGlvbiBSb290IEU0Ng==", "whitelist": false, "attachment": {"hash": "daf33943ee6515c6f6685da58acad792f1d41238f045fcb457afbaf996102599", "size": 1374, "filename": "sLVjNUaFYfW7n6EtgBeEpjOlcnBdNPMrZDRF36iwBdE=.pem", "location": "security-state-staging/intermediates/dfbbfdc5-3747-4cf5-b965-03ecde1435ac.pem", "mimetype": "application/x-pem-file"}, "pubKeyHash": "sLVjNUaFYfW7n6EtgBeEpjOlcnBdNPMrZDRF36iwBdE=", "crlite_enrolled": false, "id": "1e974b0f-b590-4131-8c61-60f2ec053a74", "last_modified": 1702677423284}