{"schema": 1691203688231, "derHash": "UurNFASvRHvJMkdnfTvoXGo2/yEUvo6VvBLpTARwoN8=", "subject": "CN=\u65f6\u4ee3\u4e92\u8054 RSA DV SSL CA,O=\u5e7f\u4e1c\u65f6\u4ee3\u4e92\u8054\u79d1\u6280\u6709\u9650\u516c\u53f8,C=CN", "subjectDN": "MGExCzAJBgNVBAYTAkNOMS0wKwYDVQQKDCTlub/kuJzml7bku6PkupLogZTnp5HmioDmnInpmZDlhazlj7gxIzAhBgNVBAMMGuaXtuS7o+S6kuiBlCBSU0EgRFYgU1NMIENB", "whitelist": false, "attachment": {"hash": "b88ea3cbbe54950bc956f07e32cdd0a4fd220820d0d0868d61eee1c028f69299", "size": 2280, "filename": "8d1XgrcRWTJMMsqmAisVCglKWebdUnzIOLlnCaAV8NQ=.pem", "location": "security-state-staging/intermediates/132bf9a0-5292-494c-80ba-d81c9db3a386.pem", "mimetype": "application/x-pem-file"}, "pubKeyHash": "8d1XgrcRWTJMMsqmAisVCglKWebdUnzIOLlnCaAV8NQ=", "crlite_enrolled": false, "id": "21085995-2118-4ab7-882c-b3cbe8fbe760", "last_modified": 1691204223434}