{"schema": 1691203695927, "derHash": "zn/L66zdBZ5BDddiiyMm1zkZYLcTbMABNLk1z+i1l3E=", "subject": "CN=Valid Certificadora RSA OV SSL CA,O=Valid Certificadora Digital LTDA,C=BR", "subjectDN": "MGQxCzAJBgNVBAYTAkJSMSkwJwYDVQQKEyBWYWxpZCBDZXJ0aWZpY2Fkb3JhIERpZ2l0YWwgTFREQTEqMCgGA1UEAxMhVmFsaWQgQ2VydGlmaWNhZG9yYSBSU0EgT1YgU1NMIENB", "whitelist": false, "attachment": {"hash": "b5fd4d0de12e785036bc8b57b7c4edaabfd12194899007826f6512fc344ce669", "size": 2284, "filename": "73hhXF9qC-ZSEptWzzZrPJ7cHW047z5Gf2ilv5WcsYw=.pem", "location": "security-state-staging/intermediates/366dbeef-1e63-4f1b-9d4e-25a5385fde1e.pem", "mimetype": "application/x-pem-file"}, "pubKeyHash": "73hhXF9qC+ZSEptWzzZrPJ7cHW047z5Gf2ilv5WcsYw=", "crlite_enrolled": false, "id": "21e8026b-7faa-4abf-a9ad-582999b37350", "last_modified": 1691204223483}