{"schema": 1705503185739, "derHash": "U/Ly08L5UlVUB7i7dwEiKcKk5H9zy0UTLclfbO3UOW8=", "subject": "CN=GlobalSign Atlas R3 DV ACME CA 2024 Q2,O=GlobalSign nv-sa,C=BE", "subjectDN": "MFkxCzAJBgNVBAYTAkJFMRkwFwYDVQQKExBHbG9iYWxTaWduIG52LXNhMS8wLQYDVQQDEyZHbG9iYWxTaWduIEF0bGFzIFIzIERWIEFDTUUgQ0EgMjAyNCBRMg==", "whitelist": false, "attachment": {"hash": "7c02bd82b20db1ffcb06f5729b3f0a33e97dfd07279714141f1f7922f46816b3", "size": 1642, "filename": "FqaePH4NiGiiiCLz2DJLzJLm1kRkah4MGHua8wvYqdQ=.pem", "location": "security-state-staging/intermediates/4df6fb56-e304-4c87-9919-0e50bcf8d887.pem", "mimetype": "application/x-pem-file"}, "pubKeyHash": "FqaePH4NiGiiiCLz2DJLzJLm1kRkah4MGHua8wvYqdQ=", "crlite_enrolled": false, "id": "21f97b0d-72c0-437a-9741-f1fbd8f04bd2", "last_modified": 1705503423139}