{"schema": 1702352883540, "derHash": "MpbrBgyIfo7A5ZkD6cyNX2MC7o+rqVYgrl3iNkMz91M=", "subject": "CN=vTrus OV SSL CA G2,O=iTrusChina Co.\\, Ltd.,C=CN", "subjectDN": "MEkxCzAJBgNVBAYTAkNOMR0wGwYDVQQKDBRpVHJ1c0NoaW5hIENvLiwgTHRkLjEbMBkGA1UEAwwSdlRydXMgT1YgU1NMIENBIEcy", "whitelist": false, "attachment": {"hash": "17d7817dc4df1312e08da6598409e25705300aaf63ac4de26dd9534ebf355212", "size": 1715, "filename": "M_T-ODly7zfdF_regqVPUCM52AYR2nAJSX2YFe_geDU=.pem", "location": "security-state-staging/intermediates/efa4881e-b0ac-4ed6-8d4d-083540c8ea0e.pem", "mimetype": "application/x-pem-file"}, "pubKeyHash": "M/T+ODly7zfdF/regqVPUCM52AYR2nAJSX2YFe/geDU=", "crlite_enrolled": false, "id": "21fdc757-5060-4551-964d-f884521c5212", "last_modified": 1702353423373}