{"schema": 1711724028612, "derHash": "YP0d8Xerjt6HRy6OcoMH9W7EGmDMrXlMT9ttHLfUDVY=", "subject": "CN=Certigna Server Authentication ACME CA G2,O=Certigna,C=FR", "subjectDN": "MHMxCzAJBgNVBAYTAkZSMREwDwYDVQQKDAhDZXJ0aWduYTEdMBsGA1UEYQwUTlRSRlItNDgxNDYzMDgxMDAwMzYxMjAwBgNVBAMMKUNlcnRpZ25hIFNlcnZlciBBdXRoZW50aWNhdGlvbiBBQ01FIENBIEcy", "whitelist": false, "attachment": {"hash": "eac6be7c8bce492dda5b1ff24dea8088d2aacfea367f4d96fd3900d742aebb65", "size": 2463, "filename": "RKrRuFywubwqUKSLQ4_OujB1TYcPLRKs1GDCg351ako=.pem", "location": "security-state-staging/intermediates/05a73290-0d3d-49c1-840a-22d2de8c1fb6.pem", "mimetype": "application/x-pem-file"}, "pubKeyHash": "RKrRuFywubwqUKSLQ4/OujB1TYcPLRKs1GDCg351ako=", "crlite_enrolled": false, "id": "2269c12e-3b8e-4700-a4d5-42525a948a50", "last_modified": 1711724223123}