{"schema": 1691462895158, "derHash": "ZULRdr7VDxk8DOKXrkTs2KCoa+wu3mgnaTRAWbTnhTA=", "subject": "CN=Sectigo Public Server Authentication CA OV R36,O=Sectigo Limited,C=GB", "subjectDN": "MGAxCzAJBgNVBAYTAkdCMRgwFgYDVQQKEw9TZWN0aWdvIExpbWl0ZWQxNzA1BgNVBAMTLlNlY3RpZ28gUHVibGljIFNlcnZlciBBdXRoZW50aWNhdGlvbiBDQSBPViBSMzY=", "whitelist": false, "attachment": {"hash": "2b172262755cae69e5fc2de39639efcccb579ebbc8f91d3cddf2eb37a1f37659", "size": 2243, "filename": "KqkYYX5LYAYP7XGemqzbtPPIA8x7BS_BbOIcAXf3j2k=.pem", "location": "security-state-staging/intermediates/6127baac-3535-499e-99bc-2c07d82d9e02.pem", "mimetype": "application/x-pem-file"}, "pubKeyHash": "KqkYYX5LYAYP7XGemqzbtPPIA8x7BS/BbOIcAXf3j2k=", "crlite_enrolled": false, "id": "22e4b9a9-bfd4-45dc-ba90-4d4862a70b48", "last_modified": 1691463423549}