{"schema": 1698353584579, "derHash": "JNBy3qXvVP1qs6+18nujN3J95xKNAJ4H7m/T/xny2Js=", "subject": "CN=ZDNS RSA OV SSL CA,O=\u4e92\u8054\u7f51\u57df\u540d\u7cfb\u7edf\u5317\u4eac\u5e02\u5de5\u7a0b\u7814\u7a76\u4e2d\u5fc3\u6709\u9650\u516c\u53f8,C=CN", "subjectDN": "MHExCzAJBgNVBAYTAkNOMUUwQwYDVQQKDDzkupLogZTnvZHln5/lkI3ns7vnu5/ljJfkuqzluILlt6XnqIvnoJTnqbbkuK3lv4PmnInpmZDlhazlj7gxGzAZBgNVBAMTElpETlMgUlNBIE9WIFNTTCBDQQ==", "whitelist": false, "attachment": {"hash": "2f17bb4f9cb8e285224267a39b0f0ec978584fb37379675b04a8666a849399b8", "size": 2300, "filename": "N1qCCBXJIUydOQU7PWh2D2HOy0uJcolRGqd-CnBypX0=.pem", "location": "security-state-staging/intermediates/a37a57d8-376e-4ccb-8626-d4a402aae5af.pem", "mimetype": "application/x-pem-file"}, "pubKeyHash": "N1qCCBXJIUydOQU7PWh2D2HOy0uJcolRGqd+CnBypX0=", "crlite_enrolled": false, "id": "23a6f955-da53-45f9-bec5-04e95ba09a53", "last_modified": 1698353823400}