{"schema": 1691203694930, "derHash": "GT1gCC8y5pXwCvjgOzeYeqkIrOi3jdDep+ACK4JdJXs=", "subject": "CN=\u65f6\u4ee3\u4e92\u8054 RSA OV SSL CA,O=\u5e7f\u4e1c\u65f6\u4ee3\u4e92\u8054\u79d1\u6280\u6709\u9650\u516c\u53f8,C=CN", "subjectDN": "MGExCzAJBgNVBAYTAkNOMS0wKwYDVQQKDCTlub/kuJzml7bku6PkupLogZTnp5HmioDmnInpmZDlhazlj7gxIzAhBgNVBAMMGuaXtuS7o+S6kuiBlCBSU0EgT1YgU1NMIENB", "whitelist": false, "attachment": {"hash": "c91c5353eb4ce5048adc074e9189f57e1fb0f085242dea6a1852838c908959a3", "size": 2280, "filename": "HuZK9BQxRghEaJE_3huFgo-OafS1aeyw0f89YoiR2So=.pem", "location": "security-state-staging/intermediates/38a705cc-983a-4d40-8fcb-02720ac84ab8.pem", "mimetype": "application/x-pem-file"}, "pubKeyHash": "HuZK9BQxRghEaJE/3huFgo+OafS1aeyw0f89YoiR2So=", "crlite_enrolled": false, "id": "24be2378-cf20-46b3-a475-2aa243ff8c28", "last_modified": 1691204223473}