{"schema": 1719024775346, "derHash": "pCcOUlFpH27EDPd0xnF+Lv7D6x44RgfcdYNilqqhXFk=", "subject": "CN=SSL.com EV TLS Transit RSA CA R2,O=SSL Corporation,C=US", "subjectDN": "MFIxCzAJBgNVBAYTAlVTMRgwFgYDVQQKDA9TU0wgQ29ycG9yYXRpb24xKTAnBgNVBAMMIFNTTC5jb20gRVYgVExTIFRyYW5zaXQgUlNBIENBIFIy", "whitelist": false, "attachment": {"hash": "c0b5f9a55256377fad49f1b2101194f0e95b4564e00613ae33c5e2671c939a58", "size": 1987, "filename": "BB0JZc-VhUu9ni64PNmCZWVFCZMOLGDKjfZ9-B9983Q=.pem", "location": "security-state-staging/intermediates/c3dfb7ce-9232-4f39-ac84-1bc21cca4d34.pem", "mimetype": "application/x-pem-file"}, "pubKeyHash": "BB0JZc+VhUu9ni64PNmCZWVFCZMOLGDKjfZ9+B9983Q=", "crlite_enrolled": false, "id": "2627d6e2-7985-4aa6-b9b1-0358ea649f25", "last_modified": 1719025023281}