{"schema": 1719024770157, "derHash": "E3LHtNasOkOL38h6KdMDMV/zT8Wx5zIFk2t7mShKivU=", "subject": "CN=SSL.com IV TLS Issuing RSA CA 1,O=SSL Corporation,C=US", "subjectDN": "MFExCzAJBgNVBAYTAlVTMRgwFgYDVQQKDA9TU0wgQ29ycG9yYXRpb24xKDAmBgNVBAMMH1NTTC5jb20gSVYgVExTIElzc3VpbmcgUlNBIENBIDE=", "whitelist": false, "attachment": {"hash": "ffba53970e8343098fe2f7d1dd9e7d7266090ac1fde303062c630d64a886fa9a", "size": 1792, "filename": "mhzhCo3EEEyXI3PieOhth0fVaJYvXtTu14HQEFJNQ18=.pem", "location": "security-state-staging/intermediates/53f315e5-d84c-4648-9e8a-bbe42cc0f61d.pem", "mimetype": "application/x-pem-file"}, "pubKeyHash": "mhzhCo3EEEyXI3PieOhth0fVaJYvXtTu14HQEFJNQ18=", "crlite_enrolled": false, "id": "286b2b4f-05b5-4254-afae-dcee91fc0b65", "last_modified": 1719025023248}