{"schema": 1702486083830, "derHash": "p9coWEO4mxNPhSy1Km9DGTglfIJtaZqoBsiUoKHNuEc=", "subject": "CN=vTrus YunSSL DV CA,O=iTrusChina Co.\\,Ltd.,C=CN", "subjectDN": "MEgxCzAJBgNVBAYTAkNOMRwwGgYDVQQKExNpVHJ1c0NoaW5hIENvLixMdGQuMRswGQYDVQQDExJ2VHJ1cyBZdW5TU0wgRFYgQ0E=", "whitelist": false, "attachment": {"hash": "ba59a36c91137df6649c2f760f9117e321c471b7573176c4f2332ec8bddde489", "size": 2068, "filename": "OfXp7s_mA-7Syh7zoom2IuL92dtJFWJQ4LjjCHnZCrk=.pem", "location": "security-state-staging/intermediates/b4f3d401-59d8-4949-82ef-944da5336058.pem", "mimetype": "application/x-pem-file"}, "pubKeyHash": "OfXp7s/mA+7Syh7zoom2IuL92dtJFWJQ4LjjCHnZCrk=", "crlite_enrolled": false, "id": "28811891-e6f8-4c0f-bce3-5c665db2b118", "last_modified": 1702486623391}