{"schema": 1686304094148, "derHash": "viNBSkLnSIbnxyqGG6Ld2gF17YKSI9iUxdJyZR/AwYk=", "subject": "CN=Microsoft Azure ECC TLS Issuing CA 07,O=Microsoft Corporation,C=US", "subjectDN": "MF0xCzAJBgNVBAYTAlVTMR4wHAYDVQQKExVNaWNyb3NvZnQgQ29ycG9yYXRpb24xLjAsBgNVBAMTJU1pY3Jvc29mdCBBenVyZSBFQ0MgVExTIElzc3VpbmcgQ0EgMDc=", "whitelist": false, "attachment": {"hash": "61779bd43be72ef37cd407ade77e9490cc2c28a112f706ac442b9050362d34cc", "size": 1228, "filename": "VObRTDLlT_F-gUSuQacH62jRPzch1yNU6oGxRzgsyck=.pem", "location": "security-state-staging/intermediates/bfe9c54c-7137-4211-acb3-64f772f4e354.pem", "mimetype": "application/x-pem-file"}, "pubKeyHash": "VObRTDLlT/F+gUSuQacH62jRPzch1yNU6oGxRzgsyck=", "crlite_enrolled": false, "id": "28ed4e80-5663-4a85-bc7b-7686ce53d127", "last_modified": 1686304623467}