{"schema": 1691203687925, "derHash": "HxtpvzfT4iizoPTonsR4McmPOKhFORthT+1ZCHBcxd0=", "subject": "CN=TBS RSA Organization Validation Secure Server CA 3,O=TBS Internet Ltd,C=GB", "subjectDN": "MGUxCzAJBgNVBAYTAkdCMRkwFwYDVQQKExBUQlMgSW50ZXJuZXQgTHRkMTswOQYDVQQDEzJUQlMgUlNBIE9yZ2FuaXphdGlvbiBWYWxpZGF0aW9uIFNlY3VyZSBTZXJ2ZXIgQ0EgMw==", "whitelist": false, "attachment": {"hash": "f3537f467b3b6f59cc1e82b3b697ad0e60cf86302dd3bc5d5a7f8839c3c6afea", "size": 2284, "filename": "x2qLxRE1BSDybe8AFxypYqLIRvNxNLxNYLUnK71vGwE=.pem", "location": "security-state-staging/intermediates/13c8bbf8-f6cf-43e0-8fb0-1842f6cf5be4.pem", "mimetype": "application/x-pem-file"}, "pubKeyHash": "x2qLxRE1BSDybe8AFxypYqLIRvNxNLxNYLUnK71vGwE=", "crlite_enrolled": false, "id": "2b1a7fec-6fc1-48f4-a454-77cb671d5d3a", "last_modified": 1691204223401}