{"schema": 1685177545543, "derHash": "LJm5F7egaFePfvtPuOYLnLWg5zvzAODh3BEuVlTFrlI=", "subject": "CN=Microsoft Azure ECC TLS Issuing CA 08,O=Microsoft Corporation,C=US", "subjectDN": "MF0xCzAJBgNVBAYTAlVTMR4wHAYDVQQKExVNaWNyb3NvZnQgQ29ycG9yYXRpb24xLjAsBgNVBAMTJU1pY3Jvc29mdCBBenVyZSBFQ0MgVExTIElzc3VpbmcgQ0EgMDg=", "whitelist": false, "attachment": {"hash": "91646730acc556a2a24a0a0fe52da02b114c1b20e2979fd02f313cf2eda7e2e2", "size": 1548, "filename": "-9zTtVvIQc70tw3yG1y6divWnxbdAVfzbgea1f2WOtM=.pem", "location": "security-state-staging/intermediates/279ad09c-5a6c-4694-9d25-d445c4b2d300.pem", "mimetype": "application/x-pem-file"}, "pubKeyHash": "+9zTtVvIQc70tw3yG1y6divWnxbdAVfzbgea1f2WOtM=", "crlite_enrolled": false, "id": "2ce90c9b-8702-4e9b-8bda-a8641ca98b4f", "last_modified": 1685177823491}