{"schema": 1691203693211, "derHash": "6YaCx2sEhRCt5OcO3bRgEC68o75LihHyVxZ1YImxyBM=", "subject": "CN=CTI ECC OV SSL CA,O=Centre Testing International Group Co.\\, Ltd.,C=CN", "subjectDN": "MGAxCzAJBgNVBAYTAkNOMTUwMwYDVQQKEyxDZW50cmUgVGVzdGluZyBJbnRlcm5hdGlvbmFsIEdyb3VwIENvLiwgTHRkLjEaMBgGA1UEAxMRQ1RJIEVDQyBPViBTU0wgQ0E=", "whitelist": false, "attachment": {"hash": "267372a7d1769c774dd5b41c4f35b1ac9a4fe36448e9d884a242a51d3bca22d8", "size": 1264, "filename": "Qqq7_u_cV5BMNMDveXsUgF1PfU8-KpkMKDnf5E77xcU=.pem", "location": "security-state-staging/intermediates/7de6e193-0614-4857-b5a7-ccbcc0599acf.pem", "mimetype": "application/x-pem-file"}, "pubKeyHash": "Qqq7/u/cV5BMNMDveXsUgF1PfU8+KpkMKDnf5E77xcU=", "crlite_enrolled": false, "id": "2e0e989b-d0cc-40f6-bb5c-15a1963dc036", "last_modified": 1691204223466}