{"schema": 1702698485861, "derHash": "6muJ7WkHogn/kYhnb7Fk56ztiUuJlt++XOW7zCLeTd0=", "subject": "CN=Sectigo Public Server Authentication Root E46,O=Sectigo Limited,C=GB", "subjectDN": "MF8xCzAJBgNVBAYTAkdCMRgwFgYDVQQKEw9TZWN0aWdvIExpbWl0ZWQxNjA0BgNVBAMTLVNlY3RpZ28gUHVibGljIFNlcnZlciBBdXRoZW50aWNhdGlvbiBSb290IEU0Ng==", "whitelist": false, "attachment": {"hash": "66ca4451c8bd1eb771a373c620d27ea8c021479b2a2d66fbc4bb82e32517c827", "size": 1195, "filename": "sLVjNUaFYfW7n6EtgBeEpjOlcnBdNPMrZDRF36iwBdE=.pem", "location": "security-state-staging/intermediates/70f63da3-037d-416c-9aa3-f651cf4ddbf6.pem", "mimetype": "application/x-pem-file"}, "pubKeyHash": "sLVjNUaFYfW7n6EtgBeEpjOlcnBdNPMrZDRF36iwBdE=", "crlite_enrolled": false, "id": "2f13933d-5bd4-4d26-982b-8557eab6a72a", "last_modified": 1702699023180}