{"schema": 1691203695613, "derHash": "Q1zGYD6c9Q524O0DQauAvCFTjjuK9oMk2lqhd+5IlTc=", "subject": "CN=EUNETIC RSA Domain Validation Secure Server CA 3,O=EUNETIC GmbH,C=DE", "subjectDN": "MF8xCzAJBgNVBAYTAkRFMRUwEwYDVQQKEwxFVU5FVElDIEdtYkgxOTA3BgNVBAMTMEVVTkVUSUMgUlNBIERvbWFpbiBWYWxpZGF0aW9uIFNlY3VyZSBTZXJ2ZXIgQ0EgMw==", "whitelist": false, "attachment": {"hash": "81a0bd1d0a43b7498e6a7324e38ed39c40b373302a25b2ffd50d49d6429e28b6", "size": 2276, "filename": "8P-6LHiOKbv8oyEpyGdFB_qfyTJUY7QIdmhlJtW8yzs=.pem", "location": "security-state-staging/intermediates/22eb100b-99c5-4eb7-a934-fb847bfddc76.pem", "mimetype": "application/x-pem-file"}, "pubKeyHash": "8P+6LHiOKbv8oyEpyGdFB/qfyTJUY7QIdmhlJtW8yzs=", "crlite_enrolled": false, "id": "303fb12d-3172-4139-8d6c-bf4fa982e7f3", "last_modified": 1691204223470}