{"schema": 1710795242451, "derHash": "la3INQ6EjZEg93vn1fpYdQhVO2Ua2jpCo/DIrck2PdI=", "subject": "CN=MarketWare RSA Extended Validation Secure Server CA 3,O=MarketWare - Solu\u00e7\u00f5es para Mercados Digitais\\, Lda.,C=PT", "subjectDN": "MIGMMQswCQYDVQQGEwJQVDE9MDsGA1UECgw0TWFya2V0V2FyZSAtIFNvbHXDp8O1ZXMgcGFyYSBNZXJjYWRvcyBEaWdpdGFpcywgTGRhLjE+MDwGA1UEAxM1TWFya2V0V2FyZSBSU0EgRXh0ZW5kZWQgVmFsaWRhdGlvbiBTZWN1cmUgU2VydmVyIENBIDM=", "whitelist": false, "attachment": {"hash": "2d24d3da735acff32c0c688d7156d6772dc4cddd374c7ed9401fc73faba750de", "size": 2292, "filename": "Es9zrpvheH6jWlnnG5GZKf4OGJttFUqxTOsCFLZlhko=.pem", "location": "security-state-staging/intermediates/b9bcb2bc-23b6-4d66-afda-8f70b1181a4c.pem", "mimetype": "application/x-pem-file"}, "pubKeyHash": "Es9zrpvheH6jWlnnG5GZKf4OGJttFUqxTOsCFLZlhko=", "crlite_enrolled": false, "id": "314cdc34-8ab8-4717-ad45-fa803357b3c6", "last_modified": 1710795423423}