{"schema": 1689929283712, "derHash": "+79Qcw6DenQ2CFySSDVQ/WXYXg5N/xIfd88PO3xAvUw=", "subject": "CN=GlobalSign Atlas ECCR5 OV TLS CA 2023 Q4,O=GlobalSign nv-sa,C=BE", "subjectDN": "MFsxCzAJBgNVBAYTAkJFMRkwFwYDVQQKExBHbG9iYWxTaWduIG52LXNhMTEwLwYDVQQDEyhHbG9iYWxTaWduIEF0bGFzIEVDQ1I1IE9WIFRMUyBDQSAyMDIzIFE0", "whitelist": false, "attachment": {"hash": "aa07e6585366939a0ee664715f610693fcebe885770e531776bfd3566cd643e6", "size": 1195, "filename": "GZFNSPIPKfNKrHiSXuWQzZ75qWd0SAHZLJ8h-n_FnlE=.pem", "location": "security-state-staging/intermediates/b3ec6318-865f-4ab8-88c0-3a6eb9a5455f.pem", "mimetype": "application/x-pem-file"}, "pubKeyHash": "GZFNSPIPKfNKrHiSXuWQzZ75qWd0SAHZLJ8h+n/FnlE=", "crlite_enrolled": false, "id": "322e6805-9106-4830-bbad-cdf4f7ff4c76", "last_modified": 1689929823463}