{"schema": 1691203685902, "derHash": "xLqtr3MO/JNEHPGE1glRJwMVsGXdQgDY+hXTSbGUadw=", "subject": "CN=CTI ECC EV SSL CA,O=Centre Testing International Group Co.\\, Ltd.,C=CN", "subjectDN": "MGAxCzAJBgNVBAYTAkNOMTUwMwYDVQQKEyxDZW50cmUgVGVzdGluZyBJbnRlcm5hdGlvbmFsIEdyb3VwIENvLiwgTHRkLjEaMBgGA1UEAxMRQ1RJIEVDQyBFViBTU0wgQ0E=", "whitelist": false, "attachment": {"hash": "2e0c6c8cc5e2e3723413e1825c8d9883991694a0d6759776813c0bf229992915", "size": 1240, "filename": "jZbAhIZLY_VXaUg543ryM1yrtpNaoYhhKDYzFdgzYb4=.pem", "location": "security-state-staging/intermediates/fd1c6c3b-3e2b-4d10-bfe3-a3b1d8143122.pem", "mimetype": "application/x-pem-file"}, "pubKeyHash": "jZbAhIZLY/VXaUg543ryM1yrtpNaoYhhKDYzFdgzYb4=", "crlite_enrolled": false, "id": "32a91b4a-a7d3-4d10-85c0-7f3f21249e80", "last_modified": 1691204223428}