{"schema": 1702979284729, "derHash": "VPjKhYvMdZHyjY3Ddy6bxYFxfzojooi/1AWTnDYgjeU=", "subject": "CN=WE2,O=Google Trust Services,C=US", "subjectDN": "MDsxCzAJBgNVBAYTAlVTMR4wHAYDVQQKExVHb29nbGUgVHJ1c3QgU2VydmljZXMxDDAKBgNVBAMTA1dFMg==", "whitelist": false, "attachment": {"hash": "bbbc5386082e7cac318c5296b4d680d4bffbf8511c5798b5119a9473288a7784", "size": 943, "filename": "vh78KSg1Ry4NaqGDV10w_cTb9VH3BQUZoCWNa93W_EY=.pem", "location": "security-state-staging/intermediates/50a88d6e-2070-4289-91ce-aff4d6d1ac66.pem", "mimetype": "application/x-pem-file"}, "pubKeyHash": "vh78KSg1Ry4NaqGDV10w/cTb9VH3BQUZoCWNa93W/EY=", "crlite_enrolled": false, "id": "32c0830e-d23a-448d-b04c-f1d9a5d6ec09", "last_modified": 1702979823371}