{"schema": 1710946445643, "derHash": "kXPvrqTmGFXrhY0QfbqUoc0YyuAOr5x+21cgGtmam/0=", "subject": "CN=Keysec GR3 EV TLS CA 2024,O=KEYSEC LTDA,C=BR", "subjectDN": "MEcxCzAJBgNVBAYTAkJSMRQwEgYDVQQKEwtLRVlTRUMgTFREQTEiMCAGA1UEAxMZS2V5c2VjIEdSMyBFViBUTFMgQ0EgMjAyNA==", "whitelist": false, "attachment": {"hash": "9c2fd810de290c9602eaf84292356ccc60b5b9a86a64a6735918a60ce80152ad", "size": 1634, "filename": "5zd2ZxybEEZSlXlhcynmpWBuSSlSNb-L2hyf1iH-WVU=.pem", "location": "security-state-staging/intermediates/09a3003d-6573-4bc0-8ed5-501a2960b9bb.pem", "mimetype": "application/x-pem-file"}, "pubKeyHash": "5zd2ZxybEEZSlXlhcynmpWBuSSlSNb+L2hyf1iH+WVU=", "crlite_enrolled": false, "id": "361e1616-6414-4ae8-afca-b6e6a3ab544b", "last_modified": 1710946623375}