{"schema": 1691203691074, "derHash": "VRqpzj7f0TqRKz3JUT9LqmIwhdwioRUioWt3tHTxuzc=", "subject": "CN=RZTrust RSA OV SSL CA,O=Zhongxiong Century Credit Co.\\, Ltd,C=CN", "subjectDN": "MFoxCzAJBgNVBAYTAkNOMSswKQYDVQQKEyJaaG9uZ3hpb25nIENlbnR1cnkgQ3JlZGl0IENvLiwgTHRkMR4wHAYDVQQDExVSWlRydXN0IFJTQSBPViBTU0wgQ0E=", "whitelist": false, "attachment": {"hash": "cbf676e8059148e9d55f12631d87d4ce630ff047aaa6a2cd77273f8d5fb837c7", "size": 2268, "filename": "Ea6Ae5V1aSWKlYUqOtbGxpsBC2xKzbemRjoHUAbPQWQ=.pem", "location": "security-state-staging/intermediates/3e494c81-4098-401d-851d-4009f8e22894.pem", "mimetype": "application/x-pem-file"}, "pubKeyHash": "Ea6Ae5V1aSWKlYUqOtbGxpsBC2xKzbemRjoHUAbPQWQ=", "crlite_enrolled": false, "id": "3761955e-9c47-46d8-8e33-6194f3496ad3", "last_modified": 1691204223403}