{"schema": 1692910087070, "derHash": "9dEkFaEsB/3pO9b55ORYjgPSBZbk+KXp0hOoM2S87nE=", "subject": "CN=GTS CA 2D6,O=Google Trust Services LLC,C=US", "subjectDN": "MEYxCzAJBgNVBAYTAlVTMSIwIAYDVQQKExlHb29nbGUgVHJ1c3QgU2VydmljZXMgTExDMRMwEQYDVQQDEwpHVFMgQ0EgMkQ2", "whitelist": false, "attachment": {"hash": "4f5acb34ad2db0121e100e350ec7414b51fb7d8b4ab658accc1e30881d887d08", "size": 1150, "filename": "mGJygqQlaAdWTKB8W35Jg_xbYW_7zpL45PiiDd1w0qE=.pem", "location": "security-state-staging/intermediates/4a0ac7d9-fa09-455a-bfca-a6ea4a6e575a.pem", "mimetype": "application/x-pem-file"}, "pubKeyHash": "mGJygqQlaAdWTKB8W35Jg/xbYW/7zpL45PiiDd1w0qE=", "crlite_enrolled": false, "id": "377d9ef0-09a3-4298-947f-880fa1460cbf", "last_modified": 1692910623864}