{"schema": 1696474075886, "derHash": "HIxwsmPLE6nm7j8JepZzGUzJ1oa8FKcsjNxwXywOaKc=", "subject": "CN=DigiCert TLS RSA4096 Root G5,O=DigiCert\\, Inc.,C=US", "subjectDN": "ME0xCzAJBgNVBAYTAlVTMRcwFQYDVQQKEw5EaWdpQ2VydCwgSW5jLjElMCMGA1UEAxMcRGlnaUNlcnQgVExTIFJTQTQwOTYgUm9vdCBHNQ==", "whitelist": false, "attachment": {"hash": "4eef7af9ec7616d0317629f5311712e74185b6a82ce44bb12511150c686ec626", "size": 1938, "filename": "ape1HIIZ6T5d7GS61YBs3rD4NVvkfnVwELcCRW4Bqv0=.pem", "location": "security-state-staging/intermediates/789e7a06-11ab-4679-914b-702c4b17c653.pem", "mimetype": "application/x-pem-file"}, "pubKeyHash": "ape1HIIZ6T5d7GS61YBs3rD4NVvkfnVwELcCRW4Bqv0=", "crlite_enrolled": false, "id": "38901efd-9f46-42ce-8fd0-a44c1268ccc0", "last_modified": 1696474622969}