{"schema": 1691203694616, "derHash": "c21ao9rDTHp5iM7g3r9PFo4+BmIX5ag46nJYCIl/czI=", "subject": "CN=Valid Certificadora ECC OV SSL CA,O=Valid Certificadora Digital LTDA,C=BR", "subjectDN": "MGQxCzAJBgNVBAYTAkJSMSkwJwYDVQQKEyBWYWxpZCBDZXJ0aWZpY2Fkb3JhIERpZ2l0YWwgTFREQTEqMCgGA1UEAxMhVmFsaWQgQ2VydGlmaWNhZG9yYSBFQ0MgT1YgU1NMIENB", "whitelist": false, "attachment": {"hash": "c60052b20587c603bcb207cc7866f5e1cdb3931778ea007cf46037f13cc8895e", "size": 1268, "filename": "k1gQL8NRZ015m0nj4FFjeaLnS-4AUN73CZi59bdhe5I=.pem", "location": "security-state-staging/intermediates/7f6bcffe-172e-4101-a799-fb4677cea328.pem", "mimetype": "application/x-pem-file"}, "pubKeyHash": "k1gQL8NRZ015m0nj4FFjeaLnS+4AUN73CZi59bdhe5I=", "crlite_enrolled": false, "id": "39b72183-df90-42cb-9df1-eb443b6ce8f7", "last_modified": 1691204223450}