{"schema": 1689929281565, "derHash": "SVkwa66MVI0xnRhVw0ST960Aubr4JL39lv8sPDK9ruo=", "subject": "CN=GlobalSign Atlas R6 EV TLS CA 2023 Q4,O=GlobalSign nv-sa,C=BE", "subjectDN": "MFgxCzAJBgNVBAYTAkJFMRkwFwYDVQQKExBHbG9iYWxTaWduIG52LXNhMS4wLAYDVQQDEyVHbG9iYWxTaWduIEF0bGFzIFI2IEVWIFRMUyBDQSAyMDIzIFE0", "whitelist": false, "attachment": {"hash": "22e73a22ef29b81de399719608ae4ad95852e691353a2b08dff7afb76d2c4346", "size": 2349, "filename": "NLdLGwnautRQRndsSeA-ENZvLXuVuwlCVRZvl5J69bo=.pem", "location": "security-state-staging/intermediates/561aeab2-e7d3-4ade-ac89-74e25a7f9546.pem", "mimetype": "application/x-pem-file"}, "pubKeyHash": "NLdLGwnautRQRndsSeA+ENZvLXuVuwlCVRZvl5J69bo=", "crlite_enrolled": false, "id": "3a6faa8b-f53e-4ed7-a4fa-dcc6ea82aa56", "last_modified": 1689929823457}