{"schema": 1691462893863, "derHash": "jFTDNLZrpOQmdyr0o/kTbBmhrscp/bKMU1wHpaTvIuA=", "subject": "CN=Sectigo Public Server Authentication CA DV R36,O=Sectigo Limited,C=GB", "subjectDN": "MGAxCzAJBgNVBAYTAkdCMRgwFgYDVQQKEw9TZWN0aWdvIExpbWl0ZWQxNzA1BgNVBAMTLlNlY3RpZ28gUHVibGljIFNlcnZlciBBdXRoZW50aWNhdGlvbiBDQSBEViBSMzY=", "whitelist": false, "attachment": {"hash": "e510e76c06a2dc90655e9f6416816f5f24cfff00922e56b65a73741f74d8cac9", "size": 2243, "filename": "a9khLOZJxlnJyrxstg_P-seiDCm-Yf3OsrXyFocBaI0=.pem", "location": "security-state-staging/intermediates/c6c81ae5-2c39-42ac-b622-ba3e2a8773a8.pem", "mimetype": "application/x-pem-file"}, "pubKeyHash": "a9khLOZJxlnJyrxstg/P+seiDCm+Yf3OsrXyFocBaI0=", "crlite_enrolled": false, "id": "40f5fc49-d136-4afe-ab06-5075807da2ab", "last_modified": 1691463423525}