{"schema": 1691462894183, "derHash": "bMldIdTHujlzbk5wPkJgt++23M2RQx7VxD1+CYazlVQ=", "subject": "CN=SSL.com EV TLS Transit RSA CA R2,O=SSL Corporation,C=US", "subjectDN": "MFIxCzAJBgNVBAYTAlVTMRgwFgYDVQQKDA9TU0wgQ29ycG9yYXRpb24xKTAnBgNVBAMMIFNTTC5jb20gRVYgVExTIFRyYW5zaXQgUlNBIENBIFIy", "whitelist": false, "attachment": {"hash": "35ab25d6626e936f4b53695dcd4292c39de30fd5d167d40303411153b4f1c622", "size": 2365, "filename": "BB0JZc-VhUu9ni64PNmCZWVFCZMOLGDKjfZ9-B9983Q=.pem", "location": "security-state-staging/intermediates/9e050b69-fb2b-4938-9292-098ee191468d.pem", "mimetype": "application/x-pem-file"}, "pubKeyHash": "BB0JZc+VhUu9ni64PNmCZWVFCZMOLGDKjfZ9+B9983Q=", "crlite_enrolled": false, "id": "424a8b02-3d88-4196-9f8f-6732bd62dd35", "last_modified": 1691463423554}