{"schema": 1702486084441, "derHash": "TTkfx5C9cCytPMvAsCXFzdiMb98nTc9fvT8CeoDCx+U=", "subject": "CN=vTrus ECC DV SSL CA,O=iTrusChina Co.\\,Ltd.,C=CN", "subjectDN": "MEkxCzAJBgNVBAYTAkNOMRwwGgYDVQQKExNpVHJ1c0NoaW5hIENvLixMdGQuMRwwGgYDVQQDExN2VHJ1cyBFQ0MgRFYgU1NMIENB", "whitelist": false, "attachment": {"hash": "5d0d09acee96f60239874fa8cbd87dfee41ac77ccb2c2345645425c953b4c5c6", "size": 1248, "filename": "gJ1It3GyfR5y0xbHIcRJPwjI6151kRqrGSR_W5v6jek=.pem", "location": "security-state-staging/intermediates/d7ce4c2f-7a54-4c3b-b5d0-e9a45a50d0ec.pem", "mimetype": "application/x-pem-file"}, "pubKeyHash": "gJ1It3GyfR5y0xbHIcRJPwjI6151kRqrGSR/W5v6jek=", "crlite_enrolled": false, "id": "4492cc7c-97f7-4600-9e46-da9cddcdec08", "last_modified": 1702486623379}