{"schema": 1689929282560, "derHash": "uMVBjEPynSjM7mzCeVzqhNCyKUmxYll2ZveJMSbDzPU=", "subject": "CN=GlobalSign Atlas R3 OV ACME CA 2023 Q4,O=GlobalSign nv-sa,C=BE", "subjectDN": "MFkxCzAJBgNVBAYTAkJFMRkwFwYDVQQKExBHbG9iYWxTaWduIG52LXNhMS8wLQYDVQQDEyZHbG9iYWxTaWduIEF0bGFzIFIzIE9WIEFDTUUgQ0EgMjAyMyBRNA==", "whitelist": false, "attachment": {"hash": "1ccf59e6615d165b2170631b72253a798e6146661b5358e41cad12d64fd6e7a3", "size": 1642, "filename": "Wy0iIjIgLwqOCDhp9KhOtrT36mRLAjRtIhKru02-58Y=.pem", "location": "security-state-staging/intermediates/fe842f07-42c4-4bfb-a0f5-71c9c698b366.pem", "mimetype": "application/x-pem-file"}, "pubKeyHash": "Wy0iIjIgLwqOCDhp9KhOtrT36mRLAjRtIhKru02+58Y=", "crlite_enrolled": false, "id": "44ccbf06-3435-4f16-aaa3-b95248156eaa", "last_modified": 1689929823486}