{"schema": 1700621585431, "derHash": "Fd35jFfg9G5cXuACg7xK+P4OjSxCFRYw3v/6KF6mLQk=", "subject": "CN=TrustAsia EV TLS RSA CA G3,O=TrustAsia Technologies\\, Inc.,C=CN", "subjectDN": "MFkxCzAJBgNVBAYTAkNOMSUwIwYDVQQKDBxUcnVzdEFzaWEgVGVjaG5vbG9naWVzLCBJbmMuMSMwIQYDVQQDDBpUcnVzdEFzaWEgRVYgVExTIFJTQSBDQSBHMw==", "whitelist": false, "attachment": {"hash": "efb23850edd4751aa963090b78590450e39d857bad481a85a589c4871b17e75c", "size": 2463, "filename": "W19nbGvl7OjWR0ODnprYtSlhjq_QnDddsFv6D2IGKmA=.pem", "location": "security-state-staging/intermediates/ccbfc40d-6a02-4ee8-8271-412f1ffbde01.pem", "mimetype": "application/x-pem-file"}, "pubKeyHash": "W19nbGvl7OjWR0ODnprYtSlhjq/QnDddsFv6D2IGKmA=", "crlite_enrolled": false, "id": "4815157c-bb8a-4345-a1fa-cb97a45e1b33", "last_modified": 1700621823174}