{"schema": 1697644093297, "derHash": "AVL4Y1T8qVJbKAwjP32mz4tfI3PEJkRyMiauZyONsZA=", "subject": "CN=GlobalSign Atlas R3 DV TLS CA 2024 Q1,O=GlobalSign nv-sa,C=BE", "subjectDN": "MFgxCzAJBgNVBAYTAkJFMRkwFwYDVQQKExBHbG9iYWxTaWduIG52LXNhMS4wLAYDVQQDEyVHbG9iYWxTaWduIEF0bGFzIFIzIERWIFRMUyBDQSAyMDI0IFEx", "whitelist": false, "attachment": {"hash": "1147af9db4734d927b70704902746076c8d08e8702e7b25c62e0c2d16ae9577e", "size": 1642, "filename": "sIyusJrUkgaV-NuUk41j_lNmX1HYRzOm0UglcO11Dok=.pem", "location": "security-state-staging/intermediates/1579d186-163c-419b-8695-4c3858526c8a.pem", "mimetype": "application/x-pem-file"}, "pubKeyHash": "sIyusJrUkgaV+NuUk41j/lNmX1HYRzOm0UglcO11Dok=", "crlite_enrolled": false, "id": "488146a1-169b-4cc7-b9ab-7c08d6fcc79c", "last_modified": 1697644623297}