{"schema": 1719024775918, "derHash": "Nwj7gEORx1ql2BI1whTzmMbcpslJKjr96Spf2S/kj6s=", "subject": "CN=SSL.com IV TLS Transit ECC CA 1,O=SSL Corporation,C=US", "subjectDN": "MFExCzAJBgNVBAYTAlVTMRgwFgYDVQQKDA9TU0wgQ29ycG9yYXRpb24xKDAmBgNVBAMMH1NTTC5jb20gSVYgVExTIFRyYW5zaXQgRUNDIENBIDE=", "whitelist": false, "attachment": {"hash": "0693aced3a7ebd0daa7308e02c47700a3964c741b6848f4744328f12be7f4bb6", "size": 1382, "filename": "Uujf2MPA35Lg50AhrhFGPERK_ZHDRJxc3Xmyj43PdEs=.pem", "location": "security-state-staging/intermediates/a0b31623-6daf-4adb-8394-2efeff698c7e.pem", "mimetype": "application/x-pem-file"}, "pubKeyHash": "Uujf2MPA35Lg50AhrhFGPERK/ZHDRJxc3Xmyj43PdEs=", "crlite_enrolled": false, "id": "4a128fb1-c829-4c3f-8814-6d654a6cb919", "last_modified": 1719025023241}