{"schema": 1691462896755, "derHash": "8XKNyvYaKAae6g+htILdYaRj91JV3XAM9gYH516Tyak=", "subject": "CN=SSL.com OV TLS Issuing ECC CA 1,O=SSL Corporation,C=US", "subjectDN": "MFExCzAJBgNVBAYTAlVTMRgwFgYDVQQKDA9TU0wgQ29ycG9yYXRpb24xKDAmBgNVBAMMH1NTTC5jb20gT1YgVExTIElzc3VpbmcgRUNDIENBIDE=", "whitelist": false, "attachment": {"hash": "8e740702df80f0076906b0f74f128450967945939025bb10357c389afab0db9c", "size": 1171, "filename": "_1gJkt0BlZX88iJllnik6BHg_MLbYbbnb-YQmvJxQak=.pem", "location": "security-state-staging/intermediates/7f9e7738-5a40-4168-9ee0-d4c357f17a5e.pem", "mimetype": "application/x-pem-file"}, "pubKeyHash": "/1gJkt0BlZX88iJllnik6BHg/MLbYbbnb+YQmvJxQak=", "crlite_enrolled": false, "id": "4f5a919b-791a-4c34-9424-075df260730f", "last_modified": 1691463423571}