{"schema": 1700646486205, "derHash": "64nTCH12kS12FqyZxzuuusH7jkg1+LoVtUP3NEpMV/E=", "subject": "CN=CommScope Public Trust ECC Sub-CA-01-01,O=CommScope,C=US", "subjectDN": "MFMxCzAJBgNVBAYTAlVTMRIwEAYDVQQKDAlDb21tU2NvcGUxMDAuBgNVBAMMJ0NvbW1TY29wZSBQdWJsaWMgVHJ1c3QgRUNDIFN1Yi1DQS0wMS0wMQ==", "whitelist": false, "attachment": {"hash": "2be311121ba10df25faf0d5302d6bfd11db4831fdab8d31c6d8306841c759de9", "size": 1414, "filename": "2eDPH26eDI6d3-Tsjd41zsuO9Klm9C0IFnwK1xslzpw=.pem", "location": "security-state-staging/intermediates/0d83f23e-7f91-4581-8469-5546f6804616.pem", "mimetype": "application/x-pem-file"}, "pubKeyHash": "2eDPH26eDI6d3+Tsjd41zsuO9Klm9C0IFnwK1xslzpw=", "crlite_enrolled": false, "id": "4f712de1-16d2-4746-83e8-6e6dd3d87a4e", "last_modified": 1700647023220}