{"schema": 1686304095070, "derHash": "ckJHeUlRyT8+QXEWF+lc4UMmPjGWw0Wh2nj2Y5dJ7AM=", "subject": "CN=Microsoft Azure RSA TLS Issuing CA 07,O=Microsoft Corporation,C=US", "subjectDN": "MF0xCzAJBgNVBAYTAlVTMR4wHAYDVQQKExVNaWNyb3NvZnQgQ29ycG9yYXRpb24xLjAsBgNVBAMTJU1pY3Jvc29mdCBBenVyZSBSU0EgVExTIElzc3VpbmcgQ0EgMDc=", "whitelist": false, "attachment": {"hash": "2525435a81e90f4d8476447a77f6d57b1e6ab865699460b7e30bac276b5f3368", "size": 2028, "filename": "Mfmoi2wKbxJCpI54JB7B-PPNkO8dRO51Bpbp-Gu4aFg=.pem", "location": "security-state-staging/intermediates/9245329e-39ef-4780-b73f-ace0c160a550.pem", "mimetype": "application/x-pem-file"}, "pubKeyHash": "Mfmoi2wKbxJCpI54JB7B+PPNkO8dRO51Bpbp+Gu4aFg=", "crlite_enrolled": false, "id": "5111b189-cdbc-4f73-82f3-8a36a213433c", "last_modified": 1686304623475}