{"schema": 1719024771131, "derHash": "WrpyCi9Sd3TVFtwSAh5iSHVq3wRurggYVV6Wn45DzB8=", "subject": "CN=SSL.com OV TLS Transit RSA CA 1,O=SSL Corporation,C=US", "subjectDN": "MFExCzAJBgNVBAYTAlVTMRgwFgYDVQQKDA9TU0wgQ29ycG9yYXRpb24xKDAmBgNVBAMMH1NTTC5jb20gT1YgVExTIFRyYW5zaXQgUlNBIENBIDE=", "whitelist": false, "attachment": {"hash": "4371eae1a111c2f325f97f40cddaf70a5bec29b7d75fa8c8014fa9d9b242e0a3", "size": 1987, "filename": "o0HYUK1eZnSZd9pJ4VJWzYwXhM_Kd77fUqkcbAgPyBQ=.pem", "location": "security-state-staging/intermediates/1be23df4-c1f9-493a-a3a6-9d74eda651df.pem", "mimetype": "application/x-pem-file"}, "pubKeyHash": "o0HYUK1eZnSZd9pJ4VJWzYwXhM/Kd77fUqkcbAgPyBQ=", "crlite_enrolled": false, "id": "5136df5a-d925-4801-856e-01a0d33eb9f0", "last_modified": 1719025023243}