{"schema": 1695221287209, "derHash": "v7CIKOtpuZ7nzr3Wh8jog6H+B9P5mDR/ku6TVkFK0AI=", "subject": "CN=GlobalSign Atlas R1 EV TLS CA 2023,O=GlobalSign nv-sa,C=BE", "subjectDN": "MFUxCzAJBgNVBAYTAkJFMRkwFwYDVQQKExBHbG9iYWxTaWduIG52LXNhMSswKQYDVQQDEyJHbG9iYWxTaWduIEF0bGFzIFIxIEVWIFRMUyBDQSAyMDIz", "whitelist": false, "attachment": {"hash": "eb89274bd91cf84317c3b664e8a6e4e7ebdafe12f2d3f8bfd2047b9902c1805d", "size": 1662, "filename": "qN4R607e7UFOuFhqWN30zbutycDjfOym66glEPw88gQ=.pem", "location": "security-state-staging/intermediates/41737f9c-d70d-4eea-b283-86c917b0b0ed.pem", "mimetype": "application/x-pem-file"}, "pubKeyHash": "qN4R607e7UFOuFhqWN30zbutycDjfOym66glEPw88gQ=", "crlite_enrolled": false, "id": "5175aa15-4120-4a0a-a452-8c56e3b5ff2d", "last_modified": 1695221823081}