{"schema": 1686865674359, "derHash": "V+CzNQTbr28poJXLiil6Sr7BIc4RZA76/BdZQJj2yqk=", "subject": "CN=GeoTrust Global G3 TLS EUR ECC P384 SHA384 2023 CA1,O=DigiCert Ireland Limited,C=IE", "subjectDN": "MG4xCzAJBgNVBAYTAklFMSEwHwYDVQQKExhEaWdpQ2VydCBJcmVsYW5kIExpbWl0ZWQxPDA6BgNVBAMTM0dlb1RydXN0IEdsb2JhbCBHMyBUTFMgRVVSIEVDQyBQMzg0IFNIQTM4NCAyMDIzIENBMQ==", "whitelist": false, "attachment": {"hash": "78fc77d32d467cd24f9d8717785abbd462ce13fc39da01fcf054dec153d767b4", "size": 1293, "filename": "OARxnIfvxPIaORCkZB98Bydt_L4YbRHQaE4Ydz2AEwY=.pem", "location": "security-state-staging/intermediates/5da833d4-65e3-4e3b-ae96-d00b6fc7aa60.pem", "mimetype": "application/x-pem-file"}, "pubKeyHash": "OARxnIfvxPIaORCkZB98Bydt/L4YbRHQaE4Ydz2AEwY=", "crlite_enrolled": false, "id": "525736bb-757a-4f47-962f-9346ce93913a", "last_modified": 1686866223473}