{"schema": 1702352884804, "derHash": "mDgOQ34aRuasKqZNe+bXHylp5RCsr103hGzxK4r+ez4=", "subject": "CN=CFCA EV RSA CA,O=China Financial Certification Authority,C=CN", "subjectDN": "MFgxCzAJBgNVBAYTAkNOMTAwLgYDVQQKDCdDaGluYSBGaW5hbmNpYWwgQ2VydGlmaWNhdGlvbiBBdXRob3JpdHkxFzAVBgNVBAMMDkNGQ0EgRVYgUlNBIENB", "whitelist": false, "attachment": {"hash": "02174d0773a22f7ddf45bfa6c9381a80dc9e3cea87a1c433797804f1cfa12be2", "size": 1735, "filename": "FostjSDLEiGEYgqs_X5gkmIzrdLVZOV7yvaKWmt947s=.pem", "location": "security-state-staging/intermediates/8c73311a-b6ca-411f-9470-2052fdac35aa.pem", "mimetype": "application/x-pem-file"}, "pubKeyHash": "FostjSDLEiGEYgqs/X5gkmIzrdLVZOV7yvaKWmt947s=", "crlite_enrolled": false, "id": "52b8fd61-3e6e-4cdc-b2d3-c70ab16f8fae", "last_modified": 1702353423385}