{"schema": 1719024772618, "derHash": "69QX9ZXD8lm3RVyBNSk1BbaSxH4PdNO6iFziLIh1yig=", "subject": "CN=SSL.com TLS Transit RSA CA R2,O=SSL Corporation,C=US", "subjectDN": "ME8xCzAJBgNVBAYTAlVTMRgwFgYDVQQKDA9TU0wgQ29ycG9yYXRpb24xJjAkBgNVBAMMHVNTTC5jb20gVExTIFRyYW5zaXQgUlNBIENBIFIy", "whitelist": false, "attachment": {"hash": "c8aeda26502973c751bb9fb0f2a141c34809a5ea2966a08bf7340eec6da09e7c", "size": 1963, "filename": "vn0e1DEpYDnOWeNSH0IkuvrS8iIAE7x5aB7EolDUxS0=.pem", "location": "security-state-staging/intermediates/6e6717df-3a67-4ebc-b765-c3b396af4ad5.pem", "mimetype": "application/x-pem-file"}, "pubKeyHash": "vn0e1DEpYDnOWeNSH0IkuvrS8iIAE7x5aB7EolDUxS0=", "crlite_enrolled": false, "id": "5441196b-5c54-46fc-bf5f-09666be138dc", "last_modified": 1719025023246}