{"schema": 1691203691373, "derHash": "uLJbZZVedePimDyye0Mcl7/pJBc7f3dnOtWffFI+qs8=", "subject": "CN=Site Blindado ECC Domain Validation Secure Server CA 3,O=Site Blindado S.A.,C=BR", "subjectDN": "MGsxCzAJBgNVBAYTAkJSMRswGQYDVQQKExJTaXRlIEJsaW5kYWRvIFMuQS4xPzA9BgNVBAMTNlNpdGUgQmxpbmRhZG8gRUNDIERvbWFpbiBWYWxpZGF0aW9uIFNlY3VyZSBTZXJ2ZXIgQ0EgMw==", "whitelist": false, "attachment": {"hash": "fb480ea53a552e501774a5c2234bdbe957d22604c5c960c643facc65cba39f51", "size": 1280, "filename": "mvDk29Evac4Vaf03g4b8BtZ3RcKe3AmNzvM1VkYstOg=.pem", "location": "security-state-staging/intermediates/803ba90f-3928-4de3-ba00-2a72869813df.pem", "mimetype": "application/x-pem-file"}, "pubKeyHash": "mvDk29Evac4Vaf03g4b8BtZ3RcKe3AmNzvM1VkYstOg=", "crlite_enrolled": false, "id": "545653d3-c639-42d4-8b0b-ead9c3f8c634", "last_modified": 1691204223442}