{"schema": 1699976885977, "derHash": "y4m0tQXdL/Xt/OYYNZ/W4oiteQXCSGED/1b80dXeGFc=", "subject": "CN=Cloudflare TLS Issuing RSA CA 1,O=CLOUDFLARE\\, INC.,C=US", "subjectDN": "MFIxCzAJBgNVBAYTAlVTMRkwFwYDVQQKDBBDTE9VREZMQVJFLCBJTkMuMSgwJgYDVQQDDB9DbG91ZGZsYXJlIFRMUyBJc3N1aW5nIFJTQSBDQSAx", "whitelist": false, "attachment": {"hash": "82c8afa86811c60cebea2655d5bc999c304f233d9e22ea76ba62f0d44cb33071", "size": 1902, "filename": "_mAMmbFbay0ESJ5nqjDg1sYjWZhtK5luMbycyTrFyUs=.pem", "location": "security-state-staging/intermediates/b7f975e0-3287-4a8a-b4cf-e1fc67df1a0c.pem", "mimetype": "application/x-pem-file"}, "pubKeyHash": "/mAMmbFbay0ESJ5nqjDg1sYjWZhtK5luMbycyTrFyUs=", "crlite_enrolled": false, "id": "54c765bd-67f4-41b9-9f3d-678e5940c31a", "last_modified": 1699977423174}