{"schema": 1710557651981, "derHash": "54jRSwQ2tRILvuPxXBW63wjBQH/nJWik8W+RUcOA4eM=", "subject": "CN=E5,O=Let's Encrypt,C=US", "subjectDN": "MDIxCzAJBgNVBAYTAlVTMRYwFAYDVQQKEw1MZXQncyBFbmNyeXB0MQswCQYDVQQDEwJFNQ==", "whitelist": false, "attachment": {"hash": "badc62e1392ffc5e5df2409ec05a71b1334be3bb5a0a5d42b3c1cdb7d4834386", "size": 996, "filename": "NYbU7PBwV4y9J67c4guWTki8FJ-uudrXL0a4V4aRcrg=.pem", "location": "security-state-staging/intermediates/f46b0b36-6ce3-41a8-8c05-6fe451f74273.pem", "mimetype": "application/x-pem-file"}, "pubKeyHash": "NYbU7PBwV4y9J67c4guWTki8FJ+uudrXL0a4V4aRcrg=", "crlite_enrolled": false, "id": "57a05de3-2ab5-463d-b51a-a451c946031a", "last_modified": 1710557823264}