{"schema": 1687816081823, "derHash": "U1XE+MbMMwsNgT1hlM8gaJXubzl3rAyZ5QkmBIjm1cg=", "subject": "CN=LATSSL TLS Issuing RSA CA 1,O=LATSSL (Intradigital Soluciones Tecnologicas S. de R.L. de C.V),C=MX", "subjectDN": "MH0xCzAJBgNVBAYTAk1YMUgwRgYDVQQKDD9MQVRTU0wgKEludHJhZGlnaXRhbCBTb2x1Y2lvbmVzIFRlY25vbG9naWNhcyBTLiBkZSBSLkwuIGRlIEMuVikxJDAiBgNVBAMMG0xBVFNTTCBUTFMgSXNzdWluZyBSU0EgQ0EgMQ==", "whitelist": false, "attachment": {"hash": "a4cbd18d02c7966e268c1a4aea091c019b944a8605ec8f3e8f6a4526443460c4", "size": 2328, "filename": "puwKaFX3k90WcKWRSDiurWSEa9Hgs8O-94WEe_gawXY=.pem", "location": "security-state-staging/intermediates/3b2e9ab4-d2e4-447c-a89b-fa73725d6eca.pem", "mimetype": "application/x-pem-file"}, "pubKeyHash": "puwKaFX3k90WcKWRSDiurWSEa9Hgs8O+94WEe/gawXY=", "crlite_enrolled": false, "id": "57ec0c70-a903-43ab-8a82-faee4c808be8", "last_modified": 1687816623247}