{"schema": 1697644096137, "derHash": "YLhGY4kiGQ3lLBqwRP0vqIqdbfOYmDHADIQpa423pe4=", "subject": "CN=GlobalSign Atlas R46 EV TLS CA 2024 Q1,O=GlobalSign nv-sa,C=BE", "subjectDN": "MFkxCzAJBgNVBAYTAkJFMRkwFwYDVQQKExBHbG9iYWxTaWduIG52LXNhMS8wLQYDVQQDEyZHbG9iYWxTaWduIEF0bGFzIFI0NiBFViBUTFMgQ0EgMjAyNCBRMQ==", "whitelist": false, "attachment": {"hash": "c80f4c418f70a550e668a18327367048b55139f6c9de68b4e61209d9487c3ae6", "size": 2345, "filename": "mJFodrtul3_GKzzln52r2AY63jna9WoaokP9dWJZaDI=.pem", "location": "security-state-staging/intermediates/1c22fa37-315a-4532-a83a-883f962976fb.pem", "mimetype": "application/x-pem-file"}, "pubKeyHash": "mJFodrtul3/GKzzln52r2AY63jna9WoaokP9dWJZaDI=", "crlite_enrolled": false, "id": "58b5dda4-f590-47be-8732-dee74829deb2", "last_modified": 1697644623295}