{"schema": 1719024770519, "derHash": "LcfdxEC2MyJ0hoxeHfXRW9ceWhhh0ithgbwcLL+jKzQ=", "subject": "CN=SSL.com TLS Issuing ECC CA R2,O=SSL Corporation,C=US", "subjectDN": "ME8xCzAJBgNVBAYTAlVTMRgwFgYDVQQKDA9TU0wgQ29ycG9yYXRpb24xJjAkBgNVBAMMHVNTTC5jb20gVExTIElzc3VpbmcgRUNDIENBIFIy", "whitelist": false, "attachment": {"hash": "831bb8448deba8589c5e258466d9fdc144350799db0188471107ff985235b288", "size": 1382, "filename": "NPRrBk96t64vay83a8Kf7kLV8Vmdi_17Qgpes328_Pk=.pem", "location": "security-state-staging/intermediates/342d50a7-5e74-40f4-95b5-e5a46ffc8961.pem", "mimetype": "application/x-pem-file"}, "pubKeyHash": "NPRrBk96t64vay83a8Kf7kLV8Vmdi/17Qgpes328/Pk=", "crlite_enrolled": false, "id": "59e3180e-a2ff-4f1f-ab29-a4cedbee022f", "last_modified": 1719025023251}