{"schema": 1719024774679, "derHash": "KN5fmLLbTEOB/agwesnDVduJiWa1JWZaAZ9dbf5+8co=", "subject": "CN=SSL.com OV TLS Transit ECC CA 1,O=SSL Corporation,C=US", "subjectDN": "MFExCzAJBgNVBAYTAlVTMRgwFgYDVQQKDA9TU0wgQ29ycG9yYXRpb24xKDAmBgNVBAMMH1NTTC5jb20gT1YgVExTIFRyYW5zaXQgRUNDIENBIDE=", "whitelist": false, "attachment": {"hash": "9e8eb4f491ef89a158899d897e0dce2f70d3196c3f2614641b36d6104ded3cd4", "size": 1406, "filename": "RFBEONmGnotBOM1HNtNx0nqeqPqncPrhxWZuEl0SvBg=.pem", "location": "security-state-staging/intermediates/3f47ec12-f698-4f04-8d1e-c7b66080c49c.pem", "mimetype": "application/x-pem-file"}, "pubKeyHash": "RFBEONmGnotBOM1HNtNx0nqeqPqncPrhxWZuEl0SvBg=", "crlite_enrolled": false, "id": "5f6e7045-46d6-4a1b-9daf-8c613dfe9eb8", "last_modified": 1719025023236}