{"schema": 1689929282855, "derHash": "5G+yp1CXo0XUJG3PRKENqnHZ/Q6/q2G6Z+bbhO5bbKs=", "subject": "CN=GlobalSign GCC R6 AlphaSSL CA 2023,O=GlobalSign nv-sa,C=BE", "subjectDN": "MFUxCzAJBgNVBAYTAkJFMRkwFwYDVQQKExBHbG9iYWxTaWduIG52LXNhMSswKQYDVQQDEyJHbG9iYWxTaWduIEdDQyBSNiBBbHBoYVNTTCBDQSAyMDIz", "whitelist": false, "attachment": {"hash": "57aa6c5c2a0c03f792955ce3cbac5583b5f8e93563fb617b3893efa641b68067", "size": 1983, "filename": "JdFERRONSeokpPRwHKoZgZPPGO-7YwoMHGHoe1BAq3c=.pem", "location": "security-state-staging/intermediates/8ac97138-60ba-4e94-9568-ab722c6b3e5a.pem", "mimetype": "application/x-pem-file"}, "pubKeyHash": "JdFERRONSeokpPRwHKoZgZPPGO+7YwoMHGHoe1BAq3c=", "crlite_enrolled": false, "id": "5fb08fd5-f7ee-41ca-8644-f594733c1895", "last_modified": 1689929823489}