{"schema": 1689929281280, "derHash": "yQXK/e0ZurV0Lzoy9sPN76TklWSjSOqEvi0DNhCBbsY=", "subject": "CN=GlobalSign Atlas ECCR5 OV ACME CA 2023 Q4,O=GlobalSign nv-sa,C=BE", "subjectDN": "MFwxCzAJBgNVBAYTAkJFMRkwFwYDVQQKExBHbG9iYWxTaWduIG52LXNhMTIwMAYDVQQDEylHbG9iYWxTaWduIEF0bGFzIEVDQ1I1IE9WIEFDTUUgQ0EgMjAyMyBRNA==", "whitelist": false, "attachment": {"hash": "182f60a8831ce67d003b467607983ca3340ee80435a2a79087ed8f31e79942d2", "size": 1199, "filename": "WYAZh0EyGyBR7RhWjRK4md0Y-vp6X9snRCihQFSpyzI=.pem", "location": "security-state-staging/intermediates/4d70acd8-7983-41ee-a91b-4c61613353fd.pem", "mimetype": "application/x-pem-file"}, "pubKeyHash": "WYAZh0EyGyBR7RhWjRK4md0Y+vp6X9snRCihQFSpyzI=", "crlite_enrolled": false, "id": "5fbce1b6-d222-468d-aaf0-12c492a56f55", "last_modified": 1689929823478}