{"schema": 1686304095377, "derHash": "nRvF0t11v4tk815/kZ4lRsIlvoiMGoy+gsDpV5I0p+0=", "subject": "CN=Microsoft Azure RSA TLS Issuing CA 03,O=Microsoft Corporation,C=US", "subjectDN": "MF0xCzAJBgNVBAYTAlVTMR4wHAYDVQQKExVNaWNyb3NvZnQgQ29ycG9yYXRpb24xLjAsBgNVBAMTJU1pY3Jvc29mdCBBenVyZSBSU0EgVExTIElzc3VpbmcgQ0EgMDM=", "whitelist": false, "attachment": {"hash": "d58791280901a97daa9ffff22f1bf37cb2d67263adb55af56adb6a0b7fb9b96e", "size": 2028, "filename": "ZkWBotC4nL-Ba_kXaVPx7TpoRSF9uwxEAuufz67J7sQ=.pem", "location": "security-state-staging/intermediates/2ed04a92-1bb8-4065-9dc9-a830ba86c64b.pem", "mimetype": "application/x-pem-file"}, "pubKeyHash": "ZkWBotC4nL+Ba/kXaVPx7TpoRSF9uwxEAuufz67J7sQ=", "crlite_enrolled": false, "id": "6103ff73-bc2b-4d81-be8e-7f749a965e19", "last_modified": 1686304623472}