{"schema": 1689929280659, "derHash": "uzK5BEFj1znoIjOuvH7zojVlt0gkLv4JcwmHSCh9nnY=", "subject": "CN=GlobalSign Atlas R3 DV TLS CA 2023 Q4,O=GlobalSign nv-sa,C=BE", "subjectDN": "MFgxCzAJBgNVBAYTAkJFMRkwFwYDVQQKExBHbG9iYWxTaWduIG52LXNhMS4wLAYDVQQDEyVHbG9iYWxTaWduIEF0bGFzIFIzIERWIFRMUyBDQSAyMDIzIFE0", "whitelist": false, "attachment": {"hash": "6f88b74bde982f331b5e99aed97cff1caf4a2fa3a61df425417f9b5940a2045d", "size": 1642, "filename": "7d8PMwb2-WiKH-yPgprnp0lC28nA19XzSAWpGeJO254=.pem", "location": "security-state-staging/intermediates/b2dfbd08-5fdf-45f7-815f-038138005eb7.pem", "mimetype": "application/x-pem-file"}, "pubKeyHash": "7d8PMwb2+WiKH+yPgprnp0lC28nA19XzSAWpGeJO254=", "crlite_enrolled": false, "id": "61168bfc-8a2a-41b3-a899-998bb20267b3", "last_modified": 1689929823481}