{"schema": 1689929283140, "derHash": "Hf/CrVtCPcxxXf5UqhF/JSWXTZVx/qgoGSMoB/St1O4=", "subject": "CN=GlobalSign Atlas E46 EV TLS CA 2023 Q4,O=GlobalSign nv-sa,C=BE", "subjectDN": "MFkxCzAJBgNVBAYTAkJFMRkwFwYDVQQKExBHbG9iYWxTaWduIG52LXNhMS8wLQYDVQQDEyZHbG9iYWxTaWduIEF0bGFzIEU0NiBFViBUTFMgQ0EgMjAyMyBRNA==", "whitelist": false, "attachment": {"hash": "e2da782c3fe2f0d5cb0a7d4b222c05af6dae3b3999e37e146324bb7e601bbf1b", "size": 1195, "filename": "iTrzCOTGjFPpfCYhj9X_Gett3pj5oPU6MHyfI5aK50M=.pem", "location": "security-state-staging/intermediates/20a670fd-fde7-4163-acfe-e8a9c3f78736.pem", "mimetype": "application/x-pem-file"}, "pubKeyHash": "iTrzCOTGjFPpfCYhj9X/Gett3pj5oPU6MHyfI5aK50M=", "crlite_enrolled": false, "id": "64b33064-84fc-47ef-a270-93f8591bf116", "last_modified": 1689929823465}