{"schema": 1703537607030, "derHash": "aAfJcjXF7GCQJppLX+36tGmG5C9NZ9Lt3c9uRc8N+oA=", "subject": "CN=HiPKI Root CA - G1,O=Chunghwa Telecom Co.\\, Ltd.,C=TW", "subjectDN": "ME8xCzAJBgNVBAYTAlRXMSMwIQYDVQQKDBpDaHVuZ2h3YSBUZWxlY29tIENvLiwgTHRkLjEbMBkGA1UEAwwSSGlQS0kgUm9vdCBDQSAtIEcx", "whitelist": false, "attachment": {"hash": "c94a4c47c3048f75024cf6c844a614b253f7ee3823a41c0e39e567effea001fc", "size": 2328, "filename": "ecqvU0fm5KlMjniphJb8dAIPgJ7eE_Ig-rYQTI3tMp8=.pem", "location": "security-state-staging/intermediates/24d59f73-321d-498a-8fa9-3f4111529687.pem", "mimetype": "application/x-pem-file"}, "pubKeyHash": "ecqvU0fm5KlMjniphJb8dAIPgJ7eE/Ig+rYQTI3tMp8=", "crlite_enrolled": false, "id": "64de4f00-ad9d-48db-9d46-2c27c55f4337", "last_modified": 1703537823226}