{"schema": 1691203695275, "derHash": "q9zgbWYS89iHZc1Xn2hPjyglskxIMSHUrwpts4/cr0Q=", "subject": "CN=\u65f6\u4ee3\u4e92\u8054 ECC EV SSL CA,O=\u5e7f\u4e1c\u65f6\u4ee3\u4e92\u8054\u79d1\u6280\u6709\u9650\u516c\u53f8,C=CN", "subjectDN": "MGExCzAJBgNVBAYTAkNOMS0wKwYDVQQKDCTlub/kuJzml7bku6PkupLogZTnp5HmioDmnInpmZDlhazlj7gxIzAhBgNVBAMMGuaXtuS7o+S6kuiBlCBFQ0MgRVYgU1NMIENB", "whitelist": false, "attachment": {"hash": "6558e399b329394388049947e54723e644d58aec4ebfbaa7fdbc398de5f7e2ae", "size": 1244, "filename": "liigm1txiAcjWn1yZ3olhYNZOL4miZlxeejJOI9WB2o=.pem", "location": "security-state-staging/intermediates/51dd6a22-71ca-44ff-bcc1-722f87d2a77b.pem", "mimetype": "application/x-pem-file"}, "pubKeyHash": "liigm1txiAcjWn1yZ3olhYNZOL4miZlxeejJOI9WB2o=", "crlite_enrolled": false, "id": "64eb36ba-5fdc-4ea2-8cad-3fd62a76d4ee", "last_modified": 1691204223481}