{"schema": 1693104479894, "derHash": "+xKIZNrFbzq5PDcWkjANyjRcBP/lp/brJP5uRJs0iVA=", "subject": "CN=Gandi RSA Organization Validation Secure Server CA 3,O=Gandi,C=FR", "subjectDN": "MFwxCzAJBgNVBAYTAkZSMQ4wDAYDVQQKEwVHYW5kaTE9MDsGA1UEAxM0R2FuZGkgUlNBIE9yZ2FuaXphdGlvbiBWYWxpZGF0aW9uIFNlY3VyZSBTZXJ2ZXIgQ0EgMw==", "whitelist": false, "attachment": {"hash": "d026088b09a6e613ad8b5fcca9d59a8473a0692b01cbf76e773d881242d2cc27", "size": 2272, "filename": "rhYwjniKVh_GqP4xzEvEzVgdmxdxg_K1YyDK64M7rT4=.pem", "location": "security-state-staging/intermediates/6675899f-be87-41eb-9b0d-656394edfaea.pem", "mimetype": "application/x-pem-file"}, "pubKeyHash": "rhYwjniKVh/GqP4xzEvEzVgdmxdxg/K1YyDK64M7rT4=", "crlite_enrolled": false, "id": "67147348-c740-4048-90e8-5e6ba1027579", "last_modified": 1693105023357}