{"schema": 1689691684212, "derHash": "PAfX78jUWPZowQ1PBvkFA8zSXVnis/HVizKITZ5OOAk=", "subject": "CN=Xinnet OV SSL,O=\u5317\u4eac\u65b0\u7f51\u6570\u7801\u4fe1\u606f\u6280\u672f\u6709\u9650\u516c\u53f8,C=CN", "subjectDN": "MFoxCzAJBgNVBAYTAkNOMTMwMQYDVQQKDCrljJfkuqzmlrDnvZHmlbDnoIHkv6Hmga/mioDmnK/mnInpmZDlhazlj7gxFjAUBgNVBAMMDVhpbm5ldCBPViBTU0w=", "whitelist": false, "attachment": {"hash": "5bc56588f2272b5e5fa493aa9f327168ddb2baa263b7064ea695ea8caaa8ba47", "size": 2040, "filename": "2KdOGXnlcULkcqXULv7vV5PeeErPEe6FeJY3L8Drx2w=.pem", "location": "security-state-staging/intermediates/fd1e88e9-bb71-447d-9001-1717eec2f1a7.pem", "mimetype": "application/x-pem-file"}, "pubKeyHash": "2KdOGXnlcULkcqXULv7vV5PeeErPEe6FeJY3L8Drx2w=", "crlite_enrolled": false, "id": "6744d4b9-1635-47c6-be96-76a90b26fbe6", "last_modified": 1689692223153}