{"schema": 1702525683451, "derHash": "kWPxkQ1JRL4y0NIkp5+fprQDbpCYeVrIHT3RTOT/JNI=", "subject": "CN=DigiCert QuoVadis 2G3 TLS RSA4096 SHA384 2023 CA1,O=DigiCert Ireland Limited,C=IE", "subjectDN": "MGwxCzAJBgNVBAYTAklFMSEwHwYDVQQKDBhEaWdpQ2VydCBJcmVsYW5kIExpbWl0ZWQxOjA4BgNVBAMMMURpZ2lDZXJ0IFF1b1ZhZGlzIDJHMyBUTFMgUlNBNDA5NiBTSEEzODQgMjAyMyBDQTE=", "whitelist": false, "attachment": {"hash": "066e7c017a39db9d21ea6c626a1fbd345b2241304c37c26cd55933353559cc74", "size": 2337, "filename": "ZPyxn3oNKP1K_sTUV8OfjfYB2niVatmowpkxgfZdTVA=.pem", "location": "security-state-staging/intermediates/f818231c-ae72-4768-a4a5-5ae7765de037.pem", "mimetype": "application/x-pem-file"}, "pubKeyHash": "ZPyxn3oNKP1K/sTUV8OfjfYB2niVatmowpkxgfZdTVA=", "crlite_enrolled": false, "id": "6a2998d4-e046-489f-9823-30f0aa88d1df", "last_modified": 1702526223655}