{"schema": 1702979281449, "derHash": "nD8v0RxX18ZJrVoJMsDw0pdW9qChx0xD4eiaYtZM0yA=", "subject": "CN=WE2,O=Google Trust Services,C=US", "subjectDN": "MDsxCzAJBgNVBAYTAlVTMR4wHAYDVQQKExVHb29nbGUgVHJ1c3QgU2VydmljZXMxDDAKBgNVBAMTA1dFMg==", "whitelist": false, "attachment": {"hash": "d8e7fe5c7e6836f1fdc5ff81a1b9510c11c57d74b9323efa7a37531a88ca2cdf", "size": 968, "filename": "vh78KSg1Ry4NaqGDV10w_cTb9VH3BQUZoCWNa93W_EY=.pem", "location": "security-state-staging/intermediates/1f80b11f-7e0a-48dd-a7a0-b3d2daf1588c.pem", "mimetype": "application/x-pem-file"}, "pubKeyHash": "vh78KSg1Ry4NaqGDV10w/cTb9VH3BQUZoCWNa93W/EY=", "crlite_enrolled": false, "id": "6c362de1-6fa5-49fe-808a-92fea5ac91ff", "last_modified": 1702979823374}