{"schema": 1710557652725, "derHash": "rBJ0VCJn8XtSVTW1Vjv3Mf67GCUztGqC3Iactk61KMA=", "subject": "CN=E8,O=Let's Encrypt,C=US", "subjectDN": "MDIxCzAJBgNVBAYTAlVTMRYwFAYDVQQKEw1MZXQncyBFbmNyeXB0MQswCQYDVQQDEwJFOA==", "whitelist": false, "attachment": {"hash": "8c5710eda1b3c27dd74d73141a1a8fe0323f4a45533aac37d07398d1fe1ba809", "size": 1000, "filename": "iFvwVyJSxnQdyaUvUERIf-8qk7gRze3612JMwoO3zdU=.pem", "location": "security-state-staging/intermediates/3654e458-bec6-4580-8663-7d02c432873e.pem", "mimetype": "application/x-pem-file"}, "pubKeyHash": "iFvwVyJSxnQdyaUvUERIf+8qk7gRze3612JMwoO3zdU=", "crlite_enrolled": false, "id": "6cbf3471-29d3-4c71-a08c-172017a3cbaf", "last_modified": 1710557823244}