{"schema": 1686865674778, "derHash": "nn4xAwPtpob8xfVfdQaJWxX/BceA7ureq50BbbZy87o=", "subject": "CN=GeoTrust Global G2 TLS EUR RSA4096 SHA384 2023 CA1,O=DigiCert Ireland Limited,C=IE", "subjectDN": "MG0xCzAJBgNVBAYTAklFMSEwHwYDVQQKExhEaWdpQ2VydCBJcmVsYW5kIExpbWl0ZWQxOzA5BgNVBAMTMkdlb1RydXN0IEdsb2JhbCBHMiBUTFMgRVVSIFJTQTQwOTYgU0hBMzg0IDIwMjMgQ0Ex", "whitelist": false, "attachment": {"hash": "caed1499c39787f250f8b35dfb3002a9c729eeebac8a56f3a2e9c16b972df6d7", "size": 2093, "filename": "t0Ep5M3U_19atoKfvx6RONUWKeAJxyn66OnfjuOeKl4=.pem", "location": "security-state-staging/intermediates/15c14052-c343-49a2-a5e8-430b2ac2ca0b.pem", "mimetype": "application/x-pem-file"}, "pubKeyHash": "t0Ep5M3U/19atoKfvx6RONUWKeAJxyn66OnfjuOeKl4=", "crlite_enrolled": false, "id": "6cf0041d-ca89-4b2c-88f6-36603395ff46", "last_modified": 1686866223470}