{"schema": 1710557650106, "derHash": "/eiPLU+JE9PcFmTV+N5R4H/iq/7ZO0WsrVopv+uqI/s=", "subject": "CN=E9,O=Let's Encrypt,C=US", "subjectDN": "MDIxCzAJBgNVBAYTAlVTMRYwFAYDVQQKEw1MZXQncyBFbmNyeXB0MQswCQYDVQQDEwJFOQ==", "whitelist": false, "attachment": {"hash": "e174bd7700981b8496d947ddfeaae0d4c5386d116f6c55cf4d678bc56e54f8a8", "size": 1565, "filename": "8UQKm3bh5B5TpMtGEym_Yze0GXJr5RPkLhnxxpHF1LI=.pem", "location": "security-state-staging/intermediates/75c016fa-42c2-4278-9fd8-420ef53ceea1.pem", "mimetype": "application/x-pem-file"}, "pubKeyHash": "8UQKm3bh5B5TpMtGEym/Yze0GXJr5RPkLhnxxpHF1LI=", "crlite_enrolled": false, "id": "6e708fe9-bef1-4e04-a62c-b5f2df61674a", "last_modified": 1710557823222}