{"schema": 1713452049146, "derHash": "G8VO4pO5mSvwnzFMPYxEd8Kw0tYQmlAOq1CPNWW2M9Y=", "subject": "CN=GlobalSign Atlas ECCR5 OV ACME CA 2024 Q3,O=GlobalSign nv-sa,C=BE", "subjectDN": "MFwxCzAJBgNVBAYTAkJFMRkwFwYDVQQKExBHbG9iYWxTaWduIG52LXNhMTIwMAYDVQQDEylHbG9iYWxTaWduIEF0bGFzIEVDQ1I1IE9WIEFDTUUgQ0EgMjAyNCBRMw==", "whitelist": false, "attachment": {"hash": "e04813361b31ce38513883a907100f64d91193a853a147d0b0539285699f110f", "size": 1199, "filename": "p8VBtP9cZDINwbjuhYP0otNnPF_ySI5P5IKrIbMsl7I=.pem", "location": "security-state-staging/intermediates/05fe8134-1bdb-46aa-9285-cae06448d260.pem", "mimetype": "application/x-pem-file"}, "pubKeyHash": "p8VBtP9cZDINwbjuhYP0otNnPF/ySI5P5IKrIbMsl7I=", "crlite_enrolled": false, "id": "706a46dc-a960-46e2-87bf-bd9094702451", "last_modified": 1713452223292}