{"schema": 1689929280952, "derHash": "P29X8f4ls9bwiPF3BPfjdq46kRUdzY4ZF8s6QXhbXw0=", "subject": "CN=GlobalSign GCC R6 OV TLS CA 2023,O=GlobalSign nv-sa,C=BE", "subjectDN": "MFMxCzAJBgNVBAYTAkJFMRkwFwYDVQQKExBHbG9iYWxTaWduIG52LXNhMSkwJwYDVQQDEyBHbG9iYWxTaWduIEdDQyBSNiBPViBUTFMgQ0EgMjAyMw==", "whitelist": false, "attachment": {"hash": "4bf721a0f15418f10880a0cf8ad328d2fb0367d1e1d37d0fa3174fe6dff043ec", "size": 2328, "filename": "Ngc8xKZRNBJ3tlPY8J83MIz187H94ti1R-xGzVtoRa8=.pem", "location": "security-state-staging/intermediates/2b5741a2-2c92-45ba-92cf-07ce7ce0465b.pem", "mimetype": "application/x-pem-file"}, "pubKeyHash": "Ngc8xKZRNBJ3tlPY8J83MIz187H94ti1R+xGzVtoRa8=", "crlite_enrolled": false, "id": "709b3169-b97e-4d71-9fa2-836095db24eb", "last_modified": 1689929823475}