{"schema": 1713452050667, "derHash": "OBzNHc2btgR+2iVQzxkZSTJY3O+36HtZTdREDMukAOI=", "subject": "CN=GlobalSign Atlas ECCR5 DV ACME CA 2024 Q3,O=GlobalSign nv-sa,C=BE", "subjectDN": "MFwxCzAJBgNVBAYTAkJFMRkwFwYDVQQKExBHbG9iYWxTaWduIG52LXNhMTIwMAYDVQQDEylHbG9iYWxTaWduIEF0bGFzIEVDQ1I1IERWIEFDTUUgQ0EgMjAyNCBRMw==", "whitelist": false, "attachment": {"hash": "7de60587b585ed93985c8a6815cb21c929c1ee58af92e99b131bcd6a300a27a0", "size": 1199, "filename": "o2b-6LjIyo-5oczRqmr2g0yn04YfAmnMFdL33lDB_Qg=.pem", "location": "security-state-staging/intermediates/b92192fa-1114-4f87-93c1-200da6a30e63.pem", "mimetype": "application/x-pem-file"}, "pubKeyHash": "o2b+6LjIyo+5oczRqmr2g0yn04YfAmnMFdL33lDB/Qg=", "crlite_enrolled": false, "id": "70d918be-26b1-4c41-a318-1bff748ff39a", "last_modified": 1713452223302}