{"schema": 1689929283421, "derHash": "rU9O/t/oE3j9IW4WjuHraXK5zreWMD6Uv3bFr2NQvaM=", "subject": "CN=GlobalSign Atlas R3 AlphaSSL CA 2023 Q4,O=GlobalSign nv-sa,C=BE", "subjectDN": "MFoxCzAJBgNVBAYTAkJFMRkwFwYDVQQKExBHbG9iYWxTaWduIG52LXNhMTAwLgYDVQQDEydHbG9iYWxTaWduIEF0bGFzIFIzIEFscGhhU1NMIENBIDIwMjMgUTQ=", "whitelist": false, "attachment": {"hash": "95d4a021b1dcf98e8985e718cc9222e5ece6da54488091129f5ddf81edd7cfb9", "size": 1642, "filename": "Ue5JDkm1vKkgoe0owofi-323lQ57ZpDZ6Vl5Vcp4gw0=.pem", "location": "security-state-staging/intermediates/a0cee078-bdda-427e-849d-e836836d9d2b.pem", "mimetype": "application/x-pem-file"}, "pubKeyHash": "Ue5JDkm1vKkgoe0owofi+323lQ57ZpDZ6Vl5Vcp4gw0=", "crlite_enrolled": false, "id": "73a2be3c-bc63-47d2-91ee-1feaafae1c5a", "last_modified": 1689929823468}