{"schema": 1687877276036, "derHash": "wKn7Ql0O3rxyvGxHrT06K2gkXtHVmliDvxnOn4xN7R8=", "subject": "CN=Actalis DV Server ACME CA G1,O=Actalis S.p.A.,L=Ponte San Pietro,ST=Bergamo,C=IT", "subjectDN": "MHoxCzAJBgNVBAYTAklUMRAwDgYDVQQIDAdCZXJnYW1vMRkwFwYDVQQHDBBQb250ZSBTYW4gUGlldHJvMRcwFQYDVQQKDA5BY3RhbGlzIFMucC5BLjElMCMGA1UEAwwcQWN0YWxpcyBEViBTZXJ2ZXIgQUNNRSBDQSBHMQ==", "whitelist": false, "attachment": {"hash": "de56d1fe035c597187e0333871ac0a512392b087362ef7c5a411e358dc269822", "size": 2495, "filename": "V0cn4PMpbP5Kgy3YAtRYNPab9sGk1bTKtSfb8c3y94Y=.pem", "location": "security-state-staging/intermediates/655eb17a-d709-45c1-819e-c6e6e2f4a1db.pem", "mimetype": "application/x-pem-file"}, "pubKeyHash": "V0cn4PMpbP5Kgy3YAtRYNPab9sGk1bTKtSfb8c3y94Y=", "crlite_enrolled": false, "id": "77e25342-e454-42ca-9d31-b555cf0068e0", "last_modified": 1687877823463}