{"schema": 1719024771710, "derHash": "Ha+BICXiN2J5wHQFDuNeGy2Qn4tXoA+Ct7XSgSDDWCo=", "subject": "CN=SSL.com EV TLS Issuing RSA CA R1,O=SSL Corporation,C=US", "subjectDN": "MFIxCzAJBgNVBAYTAlVTMRgwFgYDVQQKDA9TU0wgQ29ycG9yYXRpb24xKTAnBgNVBAMMIFNTTC5jb20gRVYgVExTIElzc3VpbmcgUlNBIENBIFIx", "whitelist": false, "attachment": {"hash": "61dac3455ed233b863ccbd8d70bc65cb52189afac735c5bd6ef0e98710522ee2", "size": 1817, "filename": "3ebNWkR6qhSsVzk3WkbXqmW0areNxC--6UeU--EA9Io=.pem", "location": "security-state-staging/intermediates/f4578e65-7979-4ff6-8286-dc31924b210a.pem", "mimetype": "application/x-pem-file"}, "pubKeyHash": "3ebNWkR6qhSsVzk3WkbXqmW0areNxC++6UeU++EA9Io=", "crlite_enrolled": false, "id": "7bc24395-a445-4d62-8038-16bcd2024f10", "last_modified": 1719025023258}