{"schema": 1711724029637, "derHash": "TkLi2IxOTbWRnHkATRycDpwtb7tFPaHWQtPTD3jAVy4=", "subject": "CN=Certigna Server Authentication ACME FR CA G2,O=Certigna,C=FR", "subjectDN": "MHYxCzAJBgNVBAYTAkZSMREwDwYDVQQKDAhDZXJ0aWduYTEdMBsGA1UEYQwUTlRSRlItNDgxNDYzMDgxMDAwMzYxNTAzBgNVBAMMLENlcnRpZ25hIFNlcnZlciBBdXRoZW50aWNhdGlvbiBBQ01FIEZSIENBIEcy", "whitelist": false, "attachment": {"hash": "47f464e31a2f05a550e83d8045d8570fcf9f57caeb7722436101c8940e879ca3", "size": 2467, "filename": "ULy4kAY07boZvLRDouxffHNVcsGHGQFCnEuCkq-cMCQ=.pem", "location": "security-state-staging/intermediates/c4de029c-0d39-43ba-881d-1f1bdac8eff3.pem", "mimetype": "application/x-pem-file"}, "pubKeyHash": "ULy4kAY07boZvLRDouxffHNVcsGHGQFCnEuCkq+cMCQ=", "crlite_enrolled": false, "id": "7d46e740-ae39-4f00-87ee-9a6e358e481d", "last_modified": 1711724223131}