{"schema": 1709322858961, "derHash": "6bmYDIo/WT9Nnn2j9Jev+Ptm4kLGy6DXMOIGVZUT+l0=", "subject": "CN=CloudSecure RSA Extended Validation Secure Server CA 2,O=CloudSecure Corporation,C=JP", "subjectDN": "MHAxCzAJBgNVBAYTAkpQMSAwHgYDVQQKExdDbG91ZFNlY3VyZSBDb3Jwb3JhdGlvbjE/MD0GA1UEAxM2Q2xvdWRTZWN1cmUgUlNBIEV4dGVuZGVkIFZhbGlkYXRpb24gU2VjdXJlIFNlcnZlciBDQSAy", "whitelist": false, "attachment": {"hash": "f70f60394839abcacf961991bfa4a022936ba4e50648e62886dbf535cd906593", "size": 2276, "filename": "1Ul-LolMUZyXeMV_wwOQF62lnEb7N8nJxkwmRmRRcYI=.pem", "location": "security-state-staging/intermediates/f7c81653-1126-40e7-8768-021015877551.pem", "mimetype": "application/x-pem-file"}, "pubKeyHash": "1Ul+LolMUZyXeMV/wwOQF62lnEb7N8nJxkwmRmRRcYI=", "crlite_enrolled": false, "id": "7ff7cab8-de89-4883-9ba7-e72ab7f9adcb", "last_modified": 1709323057638}