{"schema": 1711724028964, "derHash": "scjkcMofSIXd3uD+gLgF8sqCN3DsYHHBzOt39woPtsI=", "subject": "CN=Certigna Server Authentication ACME CA G1,O=Certigna,C=FR", "subjectDN": "MHMxCzAJBgNVBAYTAkZSMREwDwYDVQQKDAhDZXJ0aWduYTEdMBsGA1UEYQwUTlRSRlItNDgxNDYzMDgxMDAwMzYxMjAwBgNVBAMMKUNlcnRpZ25hIFNlcnZlciBBdXRoZW50aWNhdGlvbiBBQ01FIENBIEcx", "whitelist": false, "attachment": {"hash": "6808866c9da6c164a23ade7632d0cce4a43b5740def835d4020636b892aa342f", "size": 2048, "filename": "rvK65wj_zEVuddzfsGOjD135Wh2MILoAbXu7kKxNwoM=.pem", "location": "security-state-staging/intermediates/e4364543-7c84-43b9-a09d-e59d2930b628.pem", "mimetype": "application/x-pem-file"}, "pubKeyHash": "rvK65wj/zEVuddzfsGOjD135Wh2MILoAbXu7kKxNwoM=", "crlite_enrolled": false, "id": "8046050c-57cc-44c2-8341-e1801f5dde99", "last_modified": 1711724223126}