{"schema": 1697644096445, "derHash": "Ag7smKPB7S1b4hGTNJrLl1HeBx1rRSpImmqGfOm2M+k=", "subject": "CN=GlobalSign Atlas R6 EV TLS CA 2024 Q1,O=GlobalSign nv-sa,C=BE", "subjectDN": "MFgxCzAJBgNVBAYTAkJFMRkwFwYDVQQKExBHbG9iYWxTaWduIG52LXNhMS4wLAYDVQQDEyVHbG9iYWxTaWduIEF0bGFzIFI2IEVWIFRMUyBDQSAyMDI0IFEx", "whitelist": false, "attachment": {"hash": "8ee25b44d9dda10cd8ab2c66b203dd9b03f70107eb69ecb106769a08670a2a5d", "size": 2349, "filename": "vJ-m4dNdpz2VjjUXFAp-TfHe-LELgN7pTL_597hUwOY=.pem", "location": "security-state-staging/intermediates/85164150-9fcd-4f4f-8da7-abf4506a6c44.pem", "mimetype": "application/x-pem-file"}, "pubKeyHash": "vJ+m4dNdpz2VjjUXFAp+TfHe+LELgN7pTL/597hUwOY=", "crlite_enrolled": false, "id": "809b6900-6ff4-404b-b18c-e51733cfd760", "last_modified": 1697644623321}