{"schema": 1691203690721, "derHash": "seQuyuz8SylAjrpZg9vzki05QhxDtqYWVbA/muv+SiE=", "subject": "CN=Site Blindado ECC Extended Validation Secure Server CA 3,O=Site Blindado S.A.,C=BR", "subjectDN": "MG0xCzAJBgNVBAYTAkJSMRswGQYDVQQKExJTaXRlIEJsaW5kYWRvIFMuQS4xQTA/BgNVBAMTOFNpdGUgQmxpbmRhZG8gRUNDIEV4dGVuZGVkIFZhbGlkYXRpb24gU2VjdXJlIFNlcnZlciBDQSAz", "whitelist": false, "attachment": {"hash": "c2f274210ee5fdc8577a650f3746813e8b0b21590679ced6afd9f309767dfbeb", "size": 1260, "filename": "oL-edDYMNspTZ56qRMqXiuFGfPyMiVP3OWE0pkDfuMA=.pem", "location": "security-state-staging/intermediates/02612b10-7e8e-4e6e-ae7a-688e9372cc57.pem", "mimetype": "application/x-pem-file"}, "pubKeyHash": "oL+edDYMNspTZ56qRMqXiuFGfPyMiVP3OWE0pkDfuMA=", "crlite_enrolled": false, "id": "81335996-a1d4-485c-b680-bc742c8bf82d", "last_modified": 1691204223416}