{"schema": 1689929280374, "derHash": "xayC1W89q7x9J5D/vUzWvgdXLOR63kVtsw/EjmA1LP0=", "subject": "CN=GlobalSign Atlas ECCR5 DV TLS CA 2023 Q4,O=GlobalSign nv-sa,C=BE", "subjectDN": "MFsxCzAJBgNVBAYTAkJFMRkwFwYDVQQKExBHbG9iYWxTaWduIG52LXNhMTEwLwYDVQQDEyhHbG9iYWxTaWduIEF0bGFzIEVDQ1I1IERWIFRMUyBDQSAyMDIzIFE0", "whitelist": false, "attachment": {"hash": "c9a0fb7f0f68f8decb18ed5ea9d6ddfea81b562ffb01c0c7a465fd5e515111e0", "size": 1199, "filename": "Fy52G4lIb3umo5xiR8oga5RUXjqel5Lry4PvOdA58_c=.pem", "location": "security-state-staging/intermediates/d992cc23-cd05-4cb8-8a23-c31049e5065a.pem", "mimetype": "application/x-pem-file"}, "pubKeyHash": "Fy52G4lIb3umo5xiR8oga5RUXjqel5Lry4PvOdA58/c=", "crlite_enrolled": false, "id": "819e7f68-f9de-405e-bad6-8e6b23829b7b", "last_modified": 1689929823460}