{"schema": 1700646486489, "derHash": "hA6N0d/JwMUNKcqFEpkc8u19zd8SQQN1/QpdR/j79XY=", "subject": "CN=CommScope Public Trust RSA Sub-CA-02-01,O=CommScope,C=US", "subjectDN": "MFMxCzAJBgNVBAYTAlVTMRIwEAYDVQQKDAlDb21tU2NvcGUxMDAuBgNVBAMMJ0NvbW1TY29wZSBQdWJsaWMgVHJ1c3QgUlNBIFN1Yi1DQS0wMi0wMQ==", "whitelist": false, "attachment": {"hash": "762f4a00fafbf72cafcfbf2df28508633b74eab8d56655a38f34f22cda936dd0", "size": 2560, "filename": "KqL7He22QNw5xBoQbw-L4F7QQHXu2QEKXyV8S9IIM7Q=.pem", "location": "security-state-staging/intermediates/4358f58e-e583-4cef-909e-09165bcf77e4.pem", "mimetype": "application/x-pem-file"}, "pubKeyHash": "KqL7He22QNw5xBoQbw+L4F7QQHXu2QEKXyV8S9IIM7Q=", "crlite_enrolled": false, "id": "839cfa6e-a330-4c7a-9c3f-33e9a898e391", "last_modified": 1700647023222}