{"schema": 1686304094777, "derHash": "u9JxOcUwLGPZA/Vw8XOtTcBsl0uevikskP/Mq11vpU4=", "subject": "CN=Microsoft Azure ECC TLS Issuing CA 03,O=Microsoft Corporation,C=US", "subjectDN": "MF0xCzAJBgNVBAYTAlVTMR4wHAYDVQQKExVNaWNyb3NvZnQgQ29ycG9yYXRpb24xLjAsBgNVBAMTJU1pY3Jvc29mdCBBenVyZSBFQ0MgVExTIElzc3VpbmcgQ0EgMDM=", "whitelist": false, "attachment": {"hash": "1214f44b0866be82a3235d875298d7a99e6e70ce4823f87e84a4cbc050fca631", "size": 1228, "filename": "Z6NGNGtJqKusRdpHxcqa3PDNHEN8vStoX-WLg9xt4t4=.pem", "location": "security-state-staging/intermediates/ef0510fe-2e21-476a-b5e0-60cd8bea4f43.pem", "mimetype": "application/x-pem-file"}, "pubKeyHash": "Z6NGNGtJqKusRdpHxcqa3PDNHEN8vStoX+WLg9xt4t4=", "crlite_enrolled": false, "id": "85fe2fc0-1210-4a88-a7bf-c72e13dcea55", "last_modified": 1686304623478}