{"schema": 1719024771417, "derHash": "uQzzmOG+LlnGvx4Pf5lsqy4VM3NKC8MomJwTXrGdZyk=", "subject": "CN=SSL.com IV TLS Transit RSA CA 1,O=SSL Corporation,C=US", "subjectDN": "MFExCzAJBgNVBAYTAlVTMRgwFgYDVQQKDA9TU0wgQ29ycG9yYXRpb24xKDAmBgNVBAMMH1NTTC5jb20gSVYgVExTIFRyYW5zaXQgUlNBIENBIDE=", "whitelist": false, "attachment": {"hash": "4b4e26f7523ea7df828a4fadc885460560f458ba0b2ae86964ced1ccb7b6dfcb", "size": 1967, "filename": "R_O5JJ9biXMtEnmiODpukBteFwfJM0MXwQWiSsjJALQ=.pem", "location": "security-state-staging/intermediates/b5423f85-913a-4e3a-8513-23c1665306b9.pem", "mimetype": "application/x-pem-file"}, "pubKeyHash": "R/O5JJ9biXMtEnmiODpukBteFwfJM0MXwQWiSsjJALQ=", "crlite_enrolled": false, "id": "86450b8e-41cf-4cc7-85ef-01badba6bcd7", "last_modified": 1719025023253}