{"schema": 1691462893525, "derHash": "v7w56forhMmpIzfiNE7iOB2NPTro6nXvTkjlgH7YDGk=", "subject": "CN=SSL.com TLS Issuing RSA CA R1,O=SSL Corporation,C=US", "subjectDN": "ME8xCzAJBgNVBAYTAlVTMRgwFgYDVQQKDA9TU0wgQ29ycG9yYXRpb24xJjAkBgNVBAMMHVNTTC5jb20gVExTIElzc3VpbmcgUlNBIENBIFIx", "whitelist": false, "attachment": {"hash": "e64b192b57496f90dbe9f2ac9ad9722956d45711a7c7e790e2a3ef1dd8d552f0", "size": 2142, "filename": "0FKBVxnyd4Jq8v8ST-3sjO-WoB7PLBEpSdixbHE1L4g=.pem", "location": "security-state-staging/intermediates/2e02ff28-d3dc-4d88-a3c7-227957c44bd6.pem", "mimetype": "application/x-pem-file"}, "pubKeyHash": "0FKBVxnyd4Jq8v8ST+3sjO+WoB7PLBEpSdixbHE1L4g=", "crlite_enrolled": false, "id": "8727f373-05e0-4b49-9a20-3b11b8261915", "last_modified": 1691463423522}