{"schema": 1702979283154, "derHash": "5v4iv0Xk8NO4XFngLA9JVBjh640yEPeI1IzV4ctUfNQ=", "subject": "CN=WR2,O=Google Trust Services,C=US", "subjectDN": "MDsxCzAJBgNVBAYTAlVTMR4wHAYDVQQKExVHb29nbGUgVHJ1c3QgU2VydmljZXMxDDAKBgNVBAMTA1dSMg==", "whitelist": false, "attachment": {"hash": "209c8adefd267eac1bb057687118f475db2b88e0266ba7159a0da0420d4d9232", "size": 1808, "filename": "YPtHaftLw6_0vnc2BnNKGF54xiCA28WFcccjkA4ypCM=.pem", "location": "security-state-staging/intermediates/30e866fe-25a8-40a5-aeb1-ac0f08756ce5.pem", "mimetype": "application/x-pem-file"}, "pubKeyHash": "YPtHaftLw6/0vnc2BnNKGF54xiCA28WFcccjkA4ypCM=", "crlite_enrolled": false, "id": "87dfc3f3-2875-4c74-8f7d-90238d4926b5", "last_modified": 1702979823385}