{"schema": 1691462898023, "derHash": "KFjVGNB3QIjP571eUqr9FcRQtjxmfJ9XXrIsCE/CMYw=", "subject": "CN=SSL.com OV TLS Transit RSA CA 1,O=SSL Corporation,C=US", "subjectDN": "MFExCzAJBgNVBAYTAlVTMRgwFgYDVQQKDA9TU0wgQ29ycG9yYXRpb24xKDAmBgNVBAMMH1NTTC5jb20gT1YgVExTIFRyYW5zaXQgUlNBIENBIDE=", "whitelist": false, "attachment": {"hash": "ee69e4040883812c3e496cda16ba88fc84cde4eb9c901f10d1a9066143e4eae5", "size": 2320, "filename": "o0HYUK1eZnSZd9pJ4VJWzYwXhM_Kd77fUqkcbAgPyBQ=.pem", "location": "security-state-staging/intermediates/5342b13e-7f08-493d-aeac-a600a97dbb13.pem", "mimetype": "application/x-pem-file"}, "pubKeyHash": "o0HYUK1eZnSZd9pJ4VJWzYwXhM/Kd77fUqkcbAgPyBQ=", "crlite_enrolled": false, "id": "8dac91d6-b1d0-4aea-a4fd-ef3d820ea5bc", "last_modified": 1691463423557}