{"schema": 1700646485003, "derHash": "gUc+GximiHdogYQbOuFgsq2TXOno1YMriiYlZEjbc3k=", "subject": "CN=CommScope Public Trust ECC Sub-CA-01-02,O=CommScope,C=US", "subjectDN": "MFMxCzAJBgNVBAYTAlVTMRIwEAYDVQQKDAlDb21tU2NvcGUxMDAuBgNVBAMMJ0NvbW1TY29wZSBQdWJsaWMgVHJ1c3QgRUNDIFN1Yi1DQS0wMS0wMg==", "whitelist": false, "attachment": {"hash": "46cae718f26fd00c333165e2fbd250a12a9d38a8bc2a9a6dc942fa9edf99c12b", "size": 1414, "filename": "tBre6NvedLp1Nvk3FtFIxgjhtkXFJ7lgj8u07sRBDk0=.pem", "location": "security-state-staging/intermediates/3948e9d2-7cc4-4136-9b3f-72bc70afb1aa.pem", "mimetype": "application/x-pem-file"}, "pubKeyHash": "tBre6NvedLp1Nvk3FtFIxgjhtkXFJ7lgj8u07sRBDk0=", "crlite_enrolled": false, "id": "8fb9c242-9ed1-4e18-997b-dd05d7fae35a", "last_modified": 1700647023204}