{"schema": 1713563343973, "derHash": "rKCQy9vdNVILIuw89wMmVboWosgA+ASzqrf4Zfpvw4c=", "subject": "CN=JoySSL OV Secure Server CA,O=JoySSL Limited,C=CN", "subjectDN": "MEsxCzAJBgNVBAYTAkNOMRcwFQYDVQQKEw5Kb3lTU0wgTGltaXRlZDEjMCEGA1UEAxMaSm95U1NMIE9WIFNlY3VyZSBTZXJ2ZXIgQ0E=", "whitelist": false, "attachment": {"hash": "88466fa7d95b757a7d4a8fecb8a975bcc6ba1677cac49f30f93c5109aa15f65e", "size": 2182, "filename": "jtWy8BfFvLgKrzt6mKianqUuZ1PXKdIvXZzSmyr3_-w=.pem", "location": "security-state-staging/intermediates/c9659949-5039-44e3-84f3-803544c952d4.pem", "mimetype": "application/x-pem-file"}, "pubKeyHash": "jtWy8BfFvLgKrzt6mKianqUuZ1PXKdIvXZzSmyr3/+w=", "crlite_enrolled": false, "id": "8fe4a5ad-a4e9-47f2-9ba7-bcab681f426b", "last_modified": 1713563823126}