{"schema": 1697726891469, "derHash": "Gix1/QluBJnp/2rHTlJvYequPt/IwupENv7gwk2LfQ4=", "subject": "CN=TWCA Secure SSL Certification Authority,O=TAIWAN-CA,C=TW", "subjectDN": "MFMxCzAJBgNVBAYTAlRXMRIwEAYDVQQKEwlUQUlXQU4tQ0ExMDAuBgNVBAMTJ1RXQ0EgU2VjdXJlIFNTTCBDZXJ0aWZpY2F0aW9uIEF1dGhvcml0eQ==", "whitelist": false, "attachment": {"hash": "6915db4e2c315f0ef561152eb43c24a83ff0b2a53b17f99b0016401498bd9a2d", "size": 2060, "filename": "9VZ7Yd685RTXsE6rL_puuMbnejYaXwaZasGL7c-Uolc=.pem", "location": "security-state-staging/intermediates/47927f74-196f-42a4-a2a8-51f6c9298cd2.pem", "mimetype": "application/x-pem-file"}, "pubKeyHash": "9VZ7Yd685RTXsE6rL/puuMbnejYaXwaZasGL7c+Uolc=", "crlite_enrolled": false, "id": "8fe8f35b-1038-4072-85b5-c2e317a0be57", "last_modified": 1697727423154}