{"schema": 1686304095720, "derHash": "iarednt7pD+N3o6edKL8u+pA1XFV9+HyJZyIg1YB+u0=", "subject": "CN=Microsoft Azure ECC TLS Issuing CA 08,O=Microsoft Corporation,C=US", "subjectDN": "MF0xCzAJBgNVBAYTAlVTMR4wHAYDVQQKExVNaWNyb3NvZnQgQ29ycG9yYXRpb24xLjAsBgNVBAMTJU1pY3Jvc29mdCBBenVyZSBFQ0MgVExTIElzc3VpbmcgQ0EgMDg=", "whitelist": false, "attachment": {"hash": "590f39638eff5862ed7c54d9e5001224aba068979d894bcbe50ed2ba65f680e5", "size": 1223, "filename": "-9zTtVvIQc70tw3yG1y6divWnxbdAVfzbgea1f2WOtM=.pem", "location": "security-state-staging/intermediates/be6b0f06-3178-4afa-92ae-8aaf0ea61109.pem", "mimetype": "application/x-pem-file"}, "pubKeyHash": "+9zTtVvIQc70tw3yG1y6divWnxbdAVfzbgea1f2WOtM=", "crlite_enrolled": false, "id": "916d5a07-136f-449e-92db-0a36b3bc3145", "last_modified": 1686304623481}