{"schema": 1691203692287, "derHash": "s4v9686retcvplaAbXvJi41ZvxFjmOWW4TybZu4HBAA=", "subject": "CN=CTI RSA EV SSL CA,O=Centre Testing International Group Co.\\, Ltd.,C=CN", "subjectDN": "MGAxCzAJBgNVBAYTAkNOMTUwMwYDVQQKEyxDZW50cmUgVGVzdGluZyBJbnRlcm5hdGlvbmFsIEdyb3VwIENvLiwgTHRkLjEaMBgGA1UEAxMRQ1RJIFJTQSBFViBTU0wgQ0E=", "whitelist": false, "attachment": {"hash": "18b0818b354c85850a86a3f8987d0fe10dbf212e0ffb423eb2d56f5349c55ae5", "size": 2255, "filename": "4_7xuO7nc4aefMy8WTdJTgGnMcr_9RvGauYPaa71wYw=.pem", "location": "security-state-staging/intermediates/604c3ba0-be79-4046-a0fa-8b293a5e035d.pem", "mimetype": "application/x-pem-file"}, "pubKeyHash": "4/7xuO7nc4aefMy8WTdJTgGnMcr/9RvGauYPaa71wYw=", "crlite_enrolled": false, "id": "932ad223-728e-4130-add3-9d67b71dc331", "last_modified": 1691204223463}