{"schema": 1691203689492, "derHash": "9hOJUN77cdLLFFZAHhvgDaFaDTs/Oau5VV28fD7FwuM=", "subject": "CN=MarketWare RSA Organization Validation Secure Server CA 3,O=MarketWare - Solu\u00e7\u00f5es para Mercados Digitais\\, Lda.,C=PT", "subjectDN": "MIGQMQswCQYDVQQGEwJQVDE9MDsGA1UECgw0TWFya2V0V2FyZSAtIFNvbHXDp8O1ZXMgcGFyYSBNZXJjYWRvcyBEaWdpdGFpcywgTGRhLjFCMEAGA1UEAxM5TWFya2V0V2FyZSBSU0EgT3JnYW5pemF0aW9uIFZhbGlkYXRpb24gU2VjdXJlIFNlcnZlciBDQSAz", "whitelist": false, "attachment": {"hash": "800cc7f75d47656e75ba146518d0a696a6c42544c8e682cc29038713e6eab8a9", "size": 2345, "filename": "ZgpUesAlw4TN5wAGAhh7QjCge3rj-ybsQiTpN_7snnA=.pem", "location": "security-state-staging/intermediates/e88c1c72-84a4-4877-bec7-75b129941af2.pem", "mimetype": "application/x-pem-file"}, "pubKeyHash": "ZgpUesAlw4TN5wAGAhh7QjCge3rj+ybsQiTpN/7snnA=", "crlite_enrolled": false, "id": "948c093d-d323-4b87-8b2a-050251bb7bea", "last_modified": 1691204223455}