{"schema": 1692154076819, "derHash": "7e3QBTy4RFkuZz7yoIHBWzjuPsvrWFbJpP6bcWn6/+c=", "subject": "CN=CrowdStrike Federal EV RSA CA G1,O=CrowdStrike\\, Inc.,C=US", "subjectDN": "MFQxCzAJBgNVBAYTAlVTMRowGAYDVQQKExFDcm93ZFN0cmlrZSwgSW5jLjEpMCcGA1UEAxMgQ3Jvd2RTdHJpa2UgRmVkZXJhbCBFViBSU0EgQ0EgRzE=", "whitelist": false, "attachment": {"hash": "c585aeefd429ffa446cafab9abe59c8d732dd69f53b70ea3fc57cbb15df590df", "size": 2056, "filename": "jlNmuWU1h89xgXejpUIIUrORzlvSrzWGeDUMnmVY_c0=.pem", "location": "security-state-staging/intermediates/e8217047-9ec4-482d-a6b7-6f791422852c.pem", "mimetype": "application/x-pem-file"}, "pubKeyHash": "jlNmuWU1h89xgXejpUIIUrORzlvSrzWGeDUMnmVY/c0=", "crlite_enrolled": false, "id": "970d042d-6df8-4a99-a686-c6a5f58570e2", "last_modified": 1692154623708}