{"schema": 1691203683938, "derHash": "0fNa/aBIO5R4tNq7gZ+Yh+in+/a+GzizjO2RlWfD5y4=", "subject": "CN=\u65f6\u4ee3\u4e92\u8054 ECC OV SSL CA,O=\u5e7f\u4e1c\u65f6\u4ee3\u4e92\u8054\u79d1\u6280\u6709\u9650\u516c\u53f8,C=CN", "subjectDN": "MGExCzAJBgNVBAYTAkNOMS0wKwYDVQQKDCTlub/kuJzml7bku6PkupLogZTnp5HmioDmnInpmZDlhazlj7gxIzAhBgNVBAMMGuaXtuS7o+S6kuiBlCBFQ0MgT1YgU1NMIENB", "whitelist": false, "attachment": {"hash": "466607838f639b8aa9741da8300cb6e2e6f296c3d6be68b7ecd48d31f5332c13", "size": 1264, "filename": "5OizlTwuFA5LKHFxNOd07djxQh8ZMQjztp2VUPiUY-0=.pem", "location": "security-state-staging/intermediates/b4a603c2-d2e8-401a-bd09-8a9344c34d3b.pem", "mimetype": "application/x-pem-file"}, "pubKeyHash": "5OizlTwuFA5LKHFxNOd07djxQh8ZMQjztp2VUPiUY+0=", "crlite_enrolled": false, "id": "98dc0c39-26e7-42b8-b115-2ef9233e1226", "last_modified": 1691204223423}