{"schema": 1691203687640, "derHash": "AC6GOUskbBkcT5ME+CGxEDPX4Kdegc858mauR2iZgnE=", "subject": "CN=Network Solutions RSA DV SSL CA 3,O=Network Solutions L.L.C.,C=US", "subjectDN": "MFwxCzAJBgNVBAYTAlVTMSEwHwYDVQQKExhOZXR3b3JrIFNvbHV0aW9ucyBMLkwuQy4xKjAoBgNVBAMTIU5ldHdvcmsgU29sdXRpb25zIFJTQSBEViBTU0wgQ0EgMw==", "whitelist": false, "attachment": {"hash": "27daa5e0b10b3ffab9b73021214dbbd5d4c430012d0eee3f650b97fcec5dd6d7", "size": 2272, "filename": "I8qCnUahEsK-qMy_wALVSUZfaX-FXmW8E5nnjn7lSok=.pem", "location": "security-state-staging/intermediates/2eff95c6-a40b-451c-ad21-4a26226127a8.pem", "mimetype": "application/x-pem-file"}, "pubKeyHash": "I8qCnUahEsK+qMy/wALVSUZfaX+FXmW8E5nnjn7lSok=", "crlite_enrolled": false, "id": "9a1f6f0e-a937-46f4-907b-314b1e753d3c", "last_modified": 1691204223439}