{"schema": 1691203692861, "derHash": "z/1lRQ3ZKhZ5KXigX/I5stuet/SOnfzaL8N3GE8rumY=", "subject": "CN=Site Blindado ECC Organization Validation Secure Server CA 3,O=Site Blindado S.A.,C=BR", "subjectDN": "MHExCzAJBgNVBAYTAkJSMRswGQYDVQQKExJTaXRlIEJsaW5kYWRvIFMuQS4xRTBDBgNVBAMTPFNpdGUgQmxpbmRhZG8gRUNDIE9yZ2FuaXphdGlvbiBWYWxpZGF0aW9uIFNlY3VyZSBTZXJ2ZXIgQ0EgMw==", "whitelist": false, "attachment": {"hash": "78ea14874e3a5ee710306b273826dde58a736fd7fb9a8ec204be861fc29e3ba8", "size": 1288, "filename": "G8Vosi4orjbR2HvKm26KQP2M6OYZ164PCBbdCBekXCQ=.pem", "location": "security-state-staging/intermediates/90bffd05-a52f-4246-968a-24c21a7c12aa.pem", "mimetype": "application/x-pem-file"}, "pubKeyHash": "G8Vosi4orjbR2HvKm26KQP2M6OYZ164PCBbdCBekXCQ=", "crlite_enrolled": false, "id": "9bf24456-e43d-4fa0-8a98-e79dd1bb1f45", "last_modified": 1691204223458}