{"schema": 1693342092400, "derHash": "akjnNKxvBnFAySitu8xEkkadQW3i08mnoZfWI3DqwOI=", "subject": "CN=e-Szigno Qualified TLS CA 2018,O=Microsec Ltd.,L=Budapest,C=HU", "subjectDN": "MHoxCzAJBgNVBAYTAkhVMREwDwYDVQQHDAhCdWRhcGVzdDEWMBQGA1UECgwNTWljcm9zZWMgTHRkLjEXMBUGA1UEYQwOVkFUSFUtMjM1ODQ0OTcxJzAlBgNVBAMMHmUtU3ppZ25vIFF1YWxpZmllZCBUTFMgQ0EgMjAxOA==", "whitelist": false, "attachment": {"hash": "acb85909161220196625771f857155f74f662f21acb6efeab36c92266013233a", "size": 1439, "filename": "qd9EIyfp7CEtbkxafeyYAuC_8wQBWqGZflkLznwnuyc=.pem", "location": "security-state-staging/intermediates/86baa78d-dbf7-44c9-b002-1a204379bad6.pem", "mimetype": "application/x-pem-file"}, "pubKeyHash": "qd9EIyfp7CEtbkxafeyYAuC/8wQBWqGZflkLznwnuyc=", "crlite_enrolled": false, "id": "9cf88ec1-23c0-487b-9991-3fc43bbf71c0", "last_modified": 1693342624031}