{"schema": 1689929281847, "derHash": "uX4QN+TNXAaScWAK/R/zRe6uG8LAI6X7qLFjJg/KXas=", "subject": "CN=GlobalSign Atlas R46 EV TLS CA 2023 Q4,O=GlobalSign nv-sa,C=BE", "subjectDN": "MFkxCzAJBgNVBAYTAkJFMRkwFwYDVQQKExBHbG9iYWxTaWduIG52LXNhMS8wLQYDVQQDEyZHbG9iYWxTaWduIEF0bGFzIFI0NiBFViBUTFMgQ0EgMjAyMyBRNA==", "whitelist": false, "attachment": {"hash": "93fd5c1516af4e6774d20b252b76dee9908b24eba9e0e9cd2b35ba384699a7d4", "size": 2345, "filename": "uX3oDJ-7Djd7-44Ak5qYUVf02wuentlL6GZ1aw1YRYY=.pem", "location": "security-state-staging/intermediates/f4c12995-d0ce-4838-976a-f97e989e87df.pem", "mimetype": "application/x-pem-file"}, "pubKeyHash": "uX3oDJ+7Djd7+44Ak5qYUVf02wuentlL6GZ1aw1YRYY=", "crlite_enrolled": false, "id": "9e30af5c-6339-41dc-89bf-4fcd2f6b8d0b", "last_modified": 1689929823473}