{"schema": 1691203689782, "derHash": "G1Lts5bqTjzJhqfdPhB+0qBwIFokpKmEmhiCCQDIuvE=", "subject": "CN=Site Blindado RSA Extended Validation Secure Server CA 3,O=Site Blindado S.A.,C=BR", "subjectDN": "MG0xCzAJBgNVBAYTAkJSMRswGQYDVQQKExJTaXRlIEJsaW5kYWRvIFMuQS4xQTA/BgNVBAMTOFNpdGUgQmxpbmRhZG8gUlNBIEV4dGVuZGVkIFZhbGlkYXRpb24gU2VjdXJlIFNlcnZlciBDQSAz", "whitelist": false, "attachment": {"hash": "efd3127b1085fca439e524dd4f4b5036c337585cf6ee4a37829b2f1ded08a612", "size": 2272, "filename": "VB96jR96ln4dfHF8w_x3MlN0NFqW04Q0nT_Pfm9aShE=.pem", "location": "security-state-staging/intermediates/c4330474-a374-411f-81b9-65c842ce96c9.pem", "mimetype": "application/x-pem-file"}, "pubKeyHash": "VB96jR96ln4dfHF8w/x3MlN0NFqW04Q0nT/Pfm9aShE=", "crlite_enrolled": false, "id": "9e5b7eb5-2521-47c7-a8bc-90a31eec96eb", "last_modified": 1691204223406}