{"schema": 1689929282136, "derHash": "Z6n3GigsStB1hsope5FJJsLh0zHF9kpGr719Y3jYmGg=", "subject": "CN=GlobalSign Atlas R3 OV TLS CA 2023 Q4,O=GlobalSign nv-sa,C=BE", "subjectDN": "MFgxCzAJBgNVBAYTAkJFMRkwFwYDVQQKExBHbG9iYWxTaWduIG52LXNhMS4wLAYDVQQDEyVHbG9iYWxTaWduIEF0bGFzIFIzIE9WIFRMUyBDQSAyMDIzIFE0", "whitelist": false, "attachment": {"hash": "17f521d76b4ad43d738b4b2bf4e955d1e914c141b237d0478f9e40efd8dca441", "size": 1642, "filename": "8y6mbhF5B8zzV4nMYCIe0Ql-uu5fT77-Au4Wf7VCOhA=.pem", "location": "security-state-staging/intermediates/912f1794-1855-42ae-89fd-fdbcf439b265.pem", "mimetype": "application/x-pem-file"}, "pubKeyHash": "8y6mbhF5B8zzV4nMYCIe0Ql+uu5fT77+Au4Wf7VCOhA=", "crlite_enrolled": false, "id": "a056713a-fd76-406e-807e-8b7470ae43dd", "last_modified": 1689929823483}