{"schema": 1690296478088, "derHash": "EtRTenVH/2PDaSNiKiga/+lIESDbeBd2qvmBofm2aNg=", "subject": "CN=e-Szigno OV TLS CA 2023,O=Microsec Ltd.,L=Budapest,C=HU", "subjectDN": "MHMxCzAJBgNVBAYTAkhVMREwDwYDVQQHDAhCdWRhcGVzdDEWMBQGA1UECgwNTWljcm9zZWMgTHRkLjEXMBUGA1UEYQwOVkFUSFUtMjM1ODQ0OTcxIDAeBgNVBAMMF2UtU3ppZ25vIE9WIFRMUyBDQSAyMDIz", "whitelist": false, "attachment": {"hash": "ab5bf3cb8d3a60923137ac8e379030e9e4208f811155f11e65307099425c5d04", "size": 1431, "filename": "CBpKKUYnWuYNjyn6A4C6-fbIOhB5kbX1rkHpBJ-7g0Y=.pem", "location": "security-state-staging/intermediates/0052bd62-f25b-4c75-b5e2-123cf02b80fe.pem", "mimetype": "application/x-pem-file"}, "pubKeyHash": "CBpKKUYnWuYNjyn6A4C6+fbIOhB5kbX1rkHpBJ+7g0Y=", "crlite_enrolled": false, "id": "a206224b-c943-44b0-b74e-3c4bfb484c15", "last_modified": 1690297023205}