{"schema": 1691203687358, "derHash": "0OkVdFam522Zy9lFhEfMMiFDRqW2xVhUhxoAXublAPg=", "subject": "CN=\u65f6\u4ee3\u4e92\u8054 RSA EV SSL CA,O=\u5e7f\u4e1c\u65f6\u4ee3\u4e92\u8054\u79d1\u6280\u6709\u9650\u516c\u53f8,C=CN", "subjectDN": "MGExCzAJBgNVBAYTAkNOMS0wKwYDVQQKDCTlub/kuJzml7bku6PkupLogZTnp5HmioDmnInpmZDlhazlj7gxIzAhBgNVBAMMGuaXtuS7o+S6kuiBlCBSU0EgRVYgU1NMIENB", "whitelist": false, "attachment": {"hash": "2c835a811964cfc1e6e9900166fd8f23422bd2896f37300ecc921b264e664622", "size": 2255, "filename": "Y5Hpl468XaN2R09gIr836gloFSaiwLhrfnUTz5RIvuc=.pem", "location": "security-state-staging/intermediates/faf55c30-eea6-4936-b336-8df748b9d7c9.pem", "mimetype": "application/x-pem-file"}, "pubKeyHash": "Y5Hpl468XaN2R09gIr836gloFSaiwLhrfnUTz5RIvuc=", "crlite_enrolled": false, "id": "a3362f43-e304-4063-a83f-7721605025a6", "last_modified": 1691204223426}