{"schema": 1714384141868, "derHash": "5+8a2UYhSzKvA8woeTDQRk7SwIbXoUR8bif8khfU4Ws=", "subject": "CN=ZoTrus RSA DV SSL CA G1,O=ZoTrus Technology Limited,C=CN", "subjectDN": "MFMxCzAJBgNVBAYTAkNOMSIwIAYDVQQKExlab1RydXMgVGVjaG5vbG9neSBMaW1pdGVkMSAwHgYDVQQDExdab1RydXMgUlNBIERWIFNTTCBDQSBHMQ==", "whitelist": false, "attachment": {"hash": "1e1681f8ac91837d962d38225b3c3a106f0cf2c36ed1d04b2d9e4694e0e86a89", "size": 2207, "filename": "rlXZ4Cf3fWuCzOrRwUo4Kk3-SLmJoSF-dmdULfZE3ZY=.pem", "location": "security-state-staging/intermediates/39754f62-7a5b-4043-8317-99d5625244e9.pem", "mimetype": "application/x-pem-file"}, "pubKeyHash": "rlXZ4Cf3fWuCzOrRwUo4Kk3+SLmJoSF+dmdULfZE3ZY=", "crlite_enrolled": false, "id": "a4cd48cf-5e44-4eae-a17b-0d311ec7d609", "last_modified": 1714384623500}