{"schema": 1693104480201, "derHash": "DZkEhRHJDhZjGpf6dm8ore7cExhiTjdUsk/WD9WkvE0=", "subject": "CN=McAfee RSA Organization Validation Secure Server CA 3,O=McAfee\\, Inc.,C=US", "subjectDN": "MGQxCzAJBgNVBAYTAlVTMRUwEwYDVQQKEwxNY0FmZWUsIEluYy4xPjA8BgNVBAMTNU1jQWZlZSBSU0EgT3JnYW5pemF0aW9uIFZhbGlkYXRpb24gU2VjdXJlIFNlcnZlciBDQSAz", "whitelist": false, "attachment": {"hash": "8912a3bcb18bc8d4ae518cd66260d08a84acd4e56f04810c5345f4450ae2b969", "size": 2284, "filename": "gg9oIaRipMX5XuQCgBVsizhbKNuS7AJ0CmZZ5o0Jdb0=.pem", "location": "security-state-staging/intermediates/db48f214-40d6-42b2-a070-27fd1bbe65a7.pem", "mimetype": "application/x-pem-file"}, "pubKeyHash": "gg9oIaRipMX5XuQCgBVsizhbKNuS7AJ0CmZZ5o0Jdb0=", "crlite_enrolled": false, "id": "a6651c04-79b3-4cef-aa51-845d9c8544b7", "last_modified": 1693105023359}