{"schema": 1702979282239, "derHash": "n4GaTIduEtyE5v4ON8GmmxNwlLRT+phEk5j0tx9NAJI=", "subject": "CN=WE3,O=Google Trust Services,C=US", "subjectDN": "MDsxCzAJBgNVBAYTAlVTMR4wHAYDVQQKExVHb29nbGUgVHJ1c3QgU2VydmljZXMxDDAKBgNVBAMTA1dFMw==", "whitelist": false, "attachment": {"hash": "3096e62091f7005bfbb940f7c8d115868e2610909c6d3e3ff6708d0056b84eb2", "size": 968, "filename": "daBIAnKdRIX3bqM85I6We7wBUh0DPycNFBMvYkXGX2Q=.pem", "location": "security-state-staging/intermediates/bfd5d12e-a763-4678-91e0-e15a14487bfa.pem", "mimetype": "application/x-pem-file"}, "pubKeyHash": "daBIAnKdRIX3bqM85I6We7wBUh0DPycNFBMvYkXGX2Q=", "crlite_enrolled": false, "id": "a7495087-922c-4003-8cac-93d2e522f9ab", "last_modified": 1702979823388}