{"schema": 1697644095489, "derHash": "S+a6QD1uz7XnOCD1yhlIJTIF2xhuOW13msa0G8ioJrQ=", "subject": "CN=GlobalSign Atlas ECCR5 OV ACME CA 2024 Q1,O=GlobalSign nv-sa,C=BE", "subjectDN": "MFwxCzAJBgNVBAYTAkJFMRkwFwYDVQQKExBHbG9iYWxTaWduIG52LXNhMTIwMAYDVQQDEylHbG9iYWxTaWduIEF0bGFzIEVDQ1I1IE9WIEFDTUUgQ0EgMjAyNCBRMQ==", "whitelist": false, "attachment": {"hash": "59ba1ed3554e8f053ae6bbb261ae017a5c7e3d1aeda4ada6e47509dfba615212", "size": 1199, "filename": "wRV8pz-T03eOYhVQXukc8adYX1LhUpuafMR0ZgqIFTY=.pem", "location": "security-state-staging/intermediates/b7207461-77c8-4f18-9701-ca4fd658c6f0.pem", "mimetype": "application/x-pem-file"}, "pubKeyHash": "wRV8pz+T03eOYhVQXukc8adYX1LhUpuafMR0ZgqIFTY=", "crlite_enrolled": false, "id": "a82c49b1-590a-4f35-9f76-47f4e336a97e", "last_modified": 1697644623316}