{"schema": 1705503185461, "derHash": "TeYXXzsPyjciFZ27waeNDElfbtryMwQKr8JVmIjBdqU=", "subject": "CN=GlobalSign Atlas R3 OV TLS CA 2024 Q2,O=GlobalSign nv-sa,C=BE", "subjectDN": "MFgxCzAJBgNVBAYTAkJFMRkwFwYDVQQKExBHbG9iYWxTaWduIG52LXNhMS4wLAYDVQQDEyVHbG9iYWxTaWduIEF0bGFzIFIzIE9WIFRMUyBDQSAyMDI0IFEy", "whitelist": false, "attachment": {"hash": "97421ca04b528adadb2bbdf3bc52173447be4eda67b9f4108d27b36bf946b337", "size": 1642, "filename": "X5G5wFKv3dVearZKW5IcSCUd4PodgUWV3pEScHg27Cw=.pem", "location": "security-state-staging/intermediates/a0d2ec79-24e8-4f5c-ad15-87901c0d4a05.pem", "mimetype": "application/x-pem-file"}, "pubKeyHash": "X5G5wFKv3dVearZKW5IcSCUd4PodgUWV3pEScHg27Cw=", "crlite_enrolled": false, "id": "a977f162-c8b1-41f2-b9e4-8b906e543559", "last_modified": 1705503423152}