{"schema": 1702979283452, "derHash": "L+NX2xN1H/kWDoc1SXWzQHSY9Byb0WpIZXhm5uWptMc=", "subject": "CN=WR3,O=Google Trust Services,C=US", "subjectDN": "MDsxCzAJBgNVBAYTAlVTMR4wHAYDVQQKExVHb29nbGUgVHJ1c3QgU2VydmljZXMxDDAKBgNVBAMTA1dSMw==", "whitelist": false, "attachment": {"hash": "2af156305a26830e0cab92f695d4fdd2a232114a81ddc36bea3137dc4b822115", "size": 1808, "filename": "OdSlmQD9NWJh4EbcOHBxkhygPwNSwA9Q91eounfbcoE=.pem", "location": "security-state-staging/intermediates/b30ba518-de9f-42f8-8c99-0a3321df25b2.pem", "mimetype": "application/x-pem-file"}, "pubKeyHash": "OdSlmQD9NWJh4EbcOHBxkhygPwNSwA9Q91eounfbcoE=", "crlite_enrolled": false, "id": "a9ea65b5-af3d-4de9-aacb-60c3915032fe", "last_modified": 1702979823383}