{"schema": 1719024773793, "derHash": "0wa/DYW9ENCDoeyls41AFJ5cRQ+ZYCHMCN4lTRci5hk=", "subject": "CN=SSL.com OV TLS Issuing ECC CA 1,O=SSL Corporation,C=US", "subjectDN": "MFExCzAJBgNVBAYTAlVTMRgwFgYDVQQKDA9TU0wgQ29ycG9yYXRpb24xKDAmBgNVBAMMH1NTTC5jb20gT1YgVExTIElzc3VpbmcgRUNDIENBIDE=", "whitelist": false, "attachment": {"hash": "718298bae74fcc46e0c6daa8f20b7e662df079fed662c8ea3fe763a369f208d1", "size": 1406, "filename": "_1gJkt0BlZX88iJllnik6BHg_MLbYbbnb-YQmvJxQak=.pem", "location": "security-state-staging/intermediates/bdb668ac-f337-42bb-9f8d-38720a09383c.pem", "mimetype": "application/x-pem-file"}, "pubKeyHash": "/1gJkt0BlZX88iJllnik6BHg/MLbYbbnb+YQmvJxQak=", "crlite_enrolled": false, "id": "ab7fe0f5-4013-44b7-b8a9-6172af8799ac", "last_modified": 1719025023271}