{"schema": 1709322862713, "derHash": "oCHY53TGozxza9tcF2klrd9EbJlnm83NguW9LqX+RE0=", "subject": "CN=TrustSign BR RSA EV SSL CA 3,O=TrustSign Certificadora Dig. & Solucoes Seguranca da Inf. Ltda.,C=BR", "subjectDN": "MH4xCzAJBgNVBAYTAkJSMUgwRgYDVQQKDD9UcnVzdFNpZ24gQ2VydGlmaWNhZG9yYSBEaWcuICYgU29sdWNvZXMgU2VndXJhbmNhIGRhIEluZi4gTHRkYS4xJTAjBgNVBAMTHFRydXN0U2lnbiBCUiBSU0EgRVYgU1NMIENBIDM=", "whitelist": false, "attachment": {"hash": "2c84d91b393a7a753c19a6e8ecdd10deed6ab11cc24bd6bcf492eb38842b2450", "size": 2296, "filename": "LpohGU7zxrv6t1u_v9DhN6Y9n4Aonq2iqejOjCP0Ux8=.pem", "location": "security-state-staging/intermediates/0794fa6c-acbb-45c4-9663-0efec7af694d.pem", "mimetype": "application/x-pem-file"}, "pubKeyHash": "LpohGU7zxrv6t1u/v9DhN6Y9n4Aonq2iqejOjCP0Ux8=", "crlite_enrolled": false, "id": "b05dd25e-5a3a-4951-878c-54fb55073a71", "last_modified": 1709323057650}