{"schema": 1689691683738, "derHash": "nFOQL5UB9tiXZpmdvirRoUNkILZSU1zcLcUcz+L/7mg=", "subject": "CN=Xinnet DV SSL,O=\u5317\u4eac\u65b0\u7f51\u6570\u7801\u4fe1\u606f\u6280\u672f\u6709\u9650\u516c\u53f8,C=CN", "subjectDN": "MFoxCzAJBgNVBAYTAkNOMTMwMQYDVQQKDCrljJfkuqzmlrDnvZHmlbDnoIHkv6Hmga/mioDmnK/mnInpmZDlhazlj7gxFjAUBgNVBAMMDVhpbm5ldCBEViBTU0w=", "whitelist": false, "attachment": {"hash": "d04017e5c9db416bd66646d549499c895e65f2db3a17c410dc2a3b2f403bf6be", "size": 2040, "filename": "WAY4atziUUIgmtn8Iz3QwpKNcfxhcE26-YjX14s13IA=.pem", "location": "security-state-staging/intermediates/7b2e5ed3-4e3d-4288-93b5-5ed13256c768.pem", "mimetype": "application/x-pem-file"}, "pubKeyHash": "WAY4atziUUIgmtn8Iz3QwpKNcfxhcE26+YjX14s13IA=", "crlite_enrolled": false, "id": "b612a1b8-6da3-4822-8ecf-f6ae154d1d85", "last_modified": 1689692223150}