{"schema": 1700621584827, "derHash": "Vz9feXSC9Wftx5AYeUV7xGyd8Kz9jOexqPt+Ihj6R3s=", "subject": "CN=TrustAsia OV TLS RSA CA G3,O=TrustAsia Technologies\\, Inc.,C=CN", "subjectDN": "MFkxCzAJBgNVBAYTAkNOMSUwIwYDVQQKDBxUcnVzdEFzaWEgVGVjaG5vbG9naWVzLCBJbmMuMSMwIQYDVQQDDBpUcnVzdEFzaWEgT1YgVExTIFJTQSBDQSBHMw==", "whitelist": false, "attachment": {"hash": "b6d674772e49154ba8173896d98b4f9b7ed273e74285a1aecd0857fd3ad9fc34", "size": 2463, "filename": "3-85gBZqCqMtrR1W85eRq3_U5lvL2pUBz7X0SUQ41YI=.pem", "location": "security-state-staging/intermediates/b328fee1-5c20-4662-b469-4cef9bb5d2c7.pem", "mimetype": "application/x-pem-file"}, "pubKeyHash": "3+85gBZqCqMtrR1W85eRq3/U5lvL2pUBz7X0SUQ41YI=", "crlite_enrolled": false, "id": "b6460ed5-3bda-4f70-aa24-3ff159ca0a48", "last_modified": 1700621823172}