{"schema": 1702979284073, "derHash": "HfwWBfutNY2LyET3bRUgP6ycpcGnn9SFf/ryhk++v5Y=", "subject": "CN=WE1,O=Google Trust Services,C=US", "subjectDN": "MDsxCzAJBgNVBAYTAlVTMR4wHAYDVQQKExVHb29nbGUgVHJ1c3QgU2VydmljZXMxDDAKBgNVBAMTA1dFMQ==", "whitelist": false, "attachment": {"hash": "27d73fbd71e61bb97a5ee9eb30d07f7b8a6ae0b9eacb1ca9dc0bd7789a21117f", "size": 968, "filename": "kIdp6NNEd8wsugYyyIYFsi1ylMCED3hZbSR8ZFsa_A4=.pem", "location": "security-state-staging/intermediates/22dd23ed-6558-4d33-884e-bb8c51dc3f70.pem", "mimetype": "application/x-pem-file"}, "pubKeyHash": "kIdp6NNEd8wsugYyyIYFsi1ylMCED3hZbSR8ZFsa/A4=", "crlite_enrolled": false, "id": "b925e54a-22e0-429e-a2a7-938e222fa9ae", "last_modified": 1702979823394}