{"schema": 1692910086775, "derHash": "7bzdAWmNg+r6Hj048BezrZay2NiOdGxYARzuDvEGk5w=", "subject": "CN=GTS CA 2D5,O=Google Trust Services LLC,C=US", "subjectDN": "MEYxCzAJBgNVBAYTAlVTMSIwIAYDVQQKExlHb29nbGUgVHJ1c3QgU2VydmljZXMgTExDMRMwEQYDVQQDEwpHVFMgQ0EgMkQ1", "whitelist": false, "attachment": {"hash": "ceaac730634820c4595c9b174b9bf271cc07f2fd81a0105a5358e73c275ab68a", "size": 1114, "filename": "ahc0N7bGYyDMmxgBgeh3thoK90J-_LSNwxbG-EnqfU0=.pem", "location": "security-state-staging/intermediates/86022f5c-03d1-41c9-91f6-6fd7edb68eb0.pem", "mimetype": "application/x-pem-file"}, "pubKeyHash": "ahc0N7bGYyDMmxgBgeh3thoK90J+/LSNwxbG+EnqfU0=", "crlite_enrolled": false, "id": "ba3f498c-afb5-4773-9d62-c76498a15062", "last_modified": 1692910623867}