{"schema": 1691203684605, "derHash": "L5BDEKw1nwWy4Ah7JlHgJDfCfaV8/8klFR9fNnnKpRY=", "subject": "CN=RZTrust ECC OV SSL CA,O=Zhongxiong Century Credit Co.\\, Ltd,C=CN", "subjectDN": "MFoxCzAJBgNVBAYTAkNOMSswKQYDVQQKEyJaaG9uZ3hpb25nIENlbnR1cnkgQ3JlZGl0IENvLiwgTHRkMR4wHAYDVQQDExVSWlRydXN0IEVDQyBPViBTU0wgQ0E=", "whitelist": false, "attachment": {"hash": "59a05847dcdf2315a9d0f8aa8f37578f9766ad5d7b8d8a1fac1a4b104a119246", "size": 1256, "filename": "BrilTykgcj-LFEJJkszef-dbFdlz0cJlB-DZUvymwlU=.pem", "location": "security-state-staging/intermediates/ac569917-1487-40d1-8707-2129c0241fda.pem", "mimetype": "application/x-pem-file"}, "pubKeyHash": "BrilTykgcj+LFEJJkszef+dbFdlz0cJlB+DZUvymwlU=", "crlite_enrolled": false, "id": "bc787f17-4bed-4489-90c7-b40e4de7611a", "last_modified": 1691204223386}