{"schema": 1691203685597, "derHash": "EupzvMCb20lREx3H7c0qSdL5AxRUunHfE58wcDN7Hpw=", "subject": "CN=EUNETIC RSA Organization Validation Secure Server CA 3,O=EUNETIC GmbH,C=DE", "subjectDN": "MGUxCzAJBgNVBAYTAkRFMRUwEwYDVQQKEwxFVU5FVElDIEdtYkgxPzA9BgNVBAMTNkVVTkVUSUMgUlNBIE9yZ2FuaXphdGlvbiBWYWxpZGF0aW9uIFNlY3VyZSBTZXJ2ZXIgQ0EgMw==", "whitelist": false, "attachment": {"hash": "3ca8babf2b6c4cab0690bf452531104ddf05f13ff0bc632d57e0b0e13293ed65", "size": 2284, "filename": "yPlcIVsw9yfLtpwXsLrhxP1uo9ThTcJoZdZBhm_jKfk=.pem", "location": "security-state-staging/intermediates/e34c8788-bdab-4086-8b9e-06c6b0080d4d.pem", "mimetype": "application/x-pem-file"}, "pubKeyHash": "yPlcIVsw9yfLtpwXsLrhxP1uo9ThTcJoZdZBhm/jKfk=", "crlite_enrolled": false, "id": "bfedc183-dda6-46fc-a347-4231f3613ddb", "last_modified": 1691204223398}