{"schema": 1686304094454, "derHash": "M/lzG+kQpm3GrNB9nZyiEu6NCppceMi/Pom7dN+PuTY=", "subject": "CN=Microsoft Azure RSA TLS Issuing CA 04,O=Microsoft Corporation,C=US", "subjectDN": "MF0xCzAJBgNVBAYTAlVTMR4wHAYDVQQKExVNaWNyb3NvZnQgQ29ycG9yYXRpb24xLjAsBgNVBAMTJU1pY3Jvc29mdCBBenVyZSBSU0EgVExTIElzc3VpbmcgQ0EgMDQ=", "whitelist": false, "attachment": {"hash": "ee6b096e81fae20b1080cd53c5530ada07582ad239f17d4a290c11baa670ebc7", "size": 2028, "filename": "E--ujdrbZMGIJ0eA9QXCCHs5D8ABeIzQ2mAqHPFN-gs=.pem", "location": "security-state-staging/intermediates/37713e42-e61a-42d2-9d30-fe1a54f1b13f.pem", "mimetype": "application/x-pem-file"}, "pubKeyHash": "E++ujdrbZMGIJ0eA9QXCCHs5D8ABeIzQ2mAqHPFN+gs=", "crlite_enrolled": false, "id": "c0e81865-d3fc-4f54-be74-9590626f6821", "last_modified": 1686304623464}