{"schema": 1697644092971, "derHash": "x6p72xTdXuL55uwjZ7ZNUA3kMue8Uemo5Ol5G4KM9l4=", "subject": "CN=GlobalSign Atlas R3 OV ACME CA 2024 Q1,O=GlobalSign nv-sa,C=BE", "subjectDN": "MFkxCzAJBgNVBAYTAkJFMRkwFwYDVQQKExBHbG9iYWxTaWduIG52LXNhMS8wLQYDVQQDEyZHbG9iYWxTaWduIEF0bGFzIFIzIE9WIEFDTUUgQ0EgMjAyNCBRMQ==", "whitelist": false, "attachment": {"hash": "cb5fd79970d5262b98c020ae5d91ca4964dc3437285e784cd225683a51967ef2", "size": 1642, "filename": "23i9VJIEQ4tpTAhFTgSk6Zg64p2kjQaoIhg5T13SyJU=.pem", "location": "security-state-staging/intermediates/44f9a6e7-77bc-4dae-a832-c38d842930d5.pem", "mimetype": "application/x-pem-file"}, "pubKeyHash": "23i9VJIEQ4tpTAhFTgSk6Zg64p2kjQaoIhg5T13SyJU=", "crlite_enrolled": false, "id": "c53229d0-32e8-41b1-b1cc-d8fb3a63c6e8", "last_modified": 1697644623292}