{"schema": 1698353583950, "derHash": "PcJyve5ORgTUmHMsKMAmlj48sh3xmKKduUKFeLJEfaE=", "subject": "CN=ZDNS ECC OV SSL CA,O=\u4e92\u8054\u7f51\u57df\u540d\u7cfb\u7edf\u5317\u4eac\u5e02\u5de5\u7a0b\u7814\u7a76\u4e2d\u5fc3\u6709\u9650\u516c\u53f8,C=CN", "subjectDN": "MHExCzAJBgNVBAYTAkNOMUUwQwYDVQQKDDzkupLogZTnvZHln5/lkI3ns7vnu5/ljJfkuqzluILlt6XnqIvnoJTnqbbkuK3lv4PmnInpmZDlhazlj7gxGzAZBgNVBAMTElpETlMgRUNDIE9WIFNTTCBDQQ==", "whitelist": false, "attachment": {"hash": "9394a57b26e72b76fbcbe9bba73d69c34fc799c820b378b3b3082c3403dc143d", "size": 1288, "filename": "b4DdPS37e4mvyYbxFyRE322pWS7bjNGkMZCHChWzDz8=.pem", "location": "security-state-staging/intermediates/f4423699-fdd3-4667-b927-945b76a6d94a.pem", "mimetype": "application/x-pem-file"}, "pubKeyHash": "b4DdPS37e4mvyYbxFyRE322pWS7bjNGkMZCHChWzDz8=", "crlite_enrolled": false, "id": "c5399ab9-36c4-42d2-8a9b-9e7183badb83", "last_modified": 1698353823408}