{"schema": 1702352885455, "derHash": "1lgQ/9e/mg5Xed9nU7o4lDefhQsbdDrsVXhvmKwpAR8=", "subject": "CN=CFCA EV ECC CA,O=China Financial Certification Authority,C=CN", "subjectDN": "MFgxCzAJBgNVBAYTAkNOMTAwLgYDVQQKDCdDaGluYSBGaW5hbmNpYWwgQ2VydGlmaWNhdGlvbiBBdXRob3JpdHkxFzAVBgNVBAMMDkNGQ0EgRVYgRUNDIENB", "whitelist": false, "attachment": {"hash": "2e785ab906f57de5b38277ddb2e235376abc6cdceff60668f1b20926a5bf7aaa", "size": 1735, "filename": "T_J7T2Xp0tXUxym7kWqj938wizi4IJKSuk2Cx_ei-a0=.pem", "location": "security-state-staging/intermediates/219f5965-7274-4186-bb78-8e90c65398ba.pem", "mimetype": "application/x-pem-file"}, "pubKeyHash": "T/J7T2Xp0tXUxym7kWqj938wizi4IJKSuk2Cx/ei+a0=", "crlite_enrolled": false, "id": "c5d19d1d-497a-4df6-a274-e1941058ddab", "last_modified": 1702353423371}