{"schema": 1702486084746, "derHash": "O4PrXXqaWvBidaChwbNb1WJiKlUh4mmfJVWTKLiCkFg=", "subject": "CN=vTrus FastSSL CA G1,O=iTrusChina Co.\\,Ltd.,C=CN", "subjectDN": "MEkxCzAJBgNVBAYTAkNOMRwwGgYDVQQKExNpVHJ1c0NoaW5hIENvLixMdGQuMRwwGgYDVQQDExN2VHJ1cyBGYXN0U1NMIENBIEcx", "whitelist": false, "attachment": {"hash": "21f6f414641686539d652061920c99da66eeac581d65caca2e1263ca27038b16", "size": 2073, "filename": "fpLQRtZkeoQDvEsHjbmGGp4fKzFQ1gW-e9kvlVQKjBY=.pem", "location": "security-state-staging/intermediates/f44e1b60-b2f5-4240-a8cb-336596d983f3.pem", "mimetype": "application/x-pem-file"}, "pubKeyHash": "fpLQRtZkeoQDvEsHjbmGGp4fKzFQ1gW+e9kvlVQKjBY=", "crlite_enrolled": false, "id": "c65114a4-315c-4f34-8e9e-0ef28fbdfdc5", "last_modified": 1702486623395}