{"schema": 1691203691705, "derHash": "VBJruYSz42NbkRl2M+y0qJivL/B4Gn8z6SlzZd9rOww=", "subject": "CN=Valid Certificadora RSA EV SSL CA,O=Valid Certificadora Digital LTDA,C=BR", "subjectDN": "MGQxCzAJBgNVBAYTAkJSMSkwJwYDVQQKEyBWYWxpZCBDZXJ0aWZpY2Fkb3JhIERpZ2l0YWwgTFREQTEqMCgGA1UEAxMhVmFsaWQgQ2VydGlmaWNhZG9yYSBSU0EgRVYgU1NMIENB", "whitelist": false, "attachment": {"hash": "fb05facbf824af8e577f66c583acbd1939b37c654a8fb1c90afd6109952e3756", "size": 2259, "filename": "8aOVBHhdOKZbKIcdO0PeBzHxMQiJNtw47c5QN9-k6jc=.pem", "location": "security-state-staging/intermediates/9780d155-5209-4fc0-9b97-0c38aaafa1dd.pem", "mimetype": "application/x-pem-file"}, "pubKeyHash": "8aOVBHhdOKZbKIcdO0PeBzHxMQiJNtw47c5QN9+k6jc=", "crlite_enrolled": false, "id": "c98147ea-d745-4b97-8833-9ddae6ddacb2", "last_modified": 1691204223460}