{"schema": 1691203686538, "derHash": "AY9rNjtUOkOZRIoeurklDr/QcgAWsLQR/Ib35zZsZ4I=", "subject": "CN=\u65f6\u4ee3\u4e92\u8054 ECC DV SSL CA,O=\u5e7f\u4e1c\u65f6\u4ee3\u4e92\u8054\u79d1\u6280\u6709\u9650\u516c\u53f8,C=CN", "subjectDN": "MGExCzAJBgNVBAYTAkNOMS0wKwYDVQQKDCTlub/kuJzml7bku6PkupLogZTnp5HmioDmnInpmZDlhazlj7gxIzAhBgNVBAMMGuaXtuS7o+S6kuiBlCBFQ0MgRFYgU1NMIENB", "whitelist": false, "attachment": {"hash": "daa2cf3af09259cfde6c1a1b22ae8d123f0bee08cce742d74690ad02573dd547", "size": 1264, "filename": "V_4C4-tqlkUohkfNixHEq6crrJBV-MASMk84K-xUpCY=.pem", "location": "security-state-staging/intermediates/6b8a7d89-e9d8-4a90-b0f2-b68d122c5404.pem", "mimetype": "application/x-pem-file"}, "pubKeyHash": "V/4C4+tqlkUohkfNixHEq6crrJBV+MASMk84K+xUpCY=", "crlite_enrolled": false, "id": "ca8098e0-49bd-4592-8dd6-c31f0ac1c024", "last_modified": 1691204223393}