{"schema": 1691462890878, "derHash": "hDED/cLgS1EVx4zHxH2AKr70JyFuW70JRtEFdRhow7U=", "subject": "CN=Atos TrustedRoot Server CA RSA 2022,O=Atos,C=DE", "subjectDN": "MEoxLDAqBgNVBAMMI0F0b3MgVHJ1c3RlZFJvb3QgU2VydmVyIENBIFJTQSAyMDIyMQ0wCwYDVQQKDARBdG9zMQswCQYDVQQGEwJERQ==", "whitelist": false, "attachment": {"hash": "21999452086b1cfec572aaa2f8d523927f2198fee389f8701c8f9656df2d29d1", "size": 2739, "filename": "1-mHw9AHBDFOOcleNBxZiK9_XOFAmoN5RVkILbBi7b0=.pem", "location": "security-state-staging/intermediates/d459e70a-a01b-48d8-8d63-3af1c0a04273.pem", "mimetype": "application/x-pem-file"}, "pubKeyHash": "1+mHw9AHBDFOOcleNBxZiK9/XOFAmoN5RVkILbBi7b0=", "crlite_enrolled": false, "id": "cd9d56e1-0df1-426e-9026-7510747fb824", "last_modified": 1691463423513}