{"schema": 1712310550077, "derHash": "w+vOp+axOsPrOnnwWBnmfWiTxlZC9Q2bXhZHyyZQa44=", "subject": "CN=Security Communication ECC RootCA1,O=SECOM Trust Systems CO.\\,LTD.,C=JP", "subjectDN": "MGExCzAJBgNVBAYTAkpQMSUwIwYDVQQKExxTRUNPTSBUcnVzdCBTeXN0ZW1zIENPLixMVEQuMSswKQYDVQQDEyJTZWN1cml0eSBDb21tdW5pY2F0aW9uIEVDQyBSb290Q0Ex", "whitelist": false, "attachment": {"hash": "49bb804fc27ee287203f35432fa03118cbda037f2cc4b15a762a27278f2a430a", "size": 1455, "filename": "Mym_oTtgB6tfw3E_CssolCbi-8mcxcEQqRSxOVcWALY=.pem", "location": "security-state-staging/intermediates/85f47822-4d0f-454d-9d84-f0ce5fc4d157.pem", "mimetype": "application/x-pem-file"}, "pubKeyHash": "Mym/oTtgB6tfw3E/CssolCbi+8mcxcEQqRSxOVcWALY=", "crlite_enrolled": false, "id": "cdfe2baf-ce8e-4ff0-a638-e40128c6f4ee", "last_modified": 1712311023721}