{"schema": 1709322857831, "derHash": "16iplHwxgGwbRiX4L8vMp8wgkOWNshW45NiLqcYNMWY=", "subject": "CN=Telekom Security EV ECC CA 21,O=Deutsche Telekom Security GmbH,C=DE", "subjectDN": "MF4xCzAJBgNVBAYTAkRFMScwJQYDVQQKDB5EZXV0c2NoZSBUZWxla29tIFNlY3VyaXR5IEdtYkgxJjAkBgNVBAMMHVRlbGVrb20gU2VjdXJpdHkgRVYgRUNDIENBIDIx", "whitelist": false, "attachment": {"hash": "4f4daf4500b9bacbea50c20917d19002ef1208e32742fccb32f02df7db43b2a5", "size": 1288, "filename": "wKQk6Q6vo3QumTIMdfN6uOOZ9KiK-cNGuthhTM680bg=.pem", "location": "security-state-staging/intermediates/db242b85-b8f1-4409-a396-8322b80fd901.pem", "mimetype": "application/x-pem-file"}, "pubKeyHash": "wKQk6Q6vo3QumTIMdfN6uOOZ9KiK+cNGuthhTM680bg=", "crlite_enrolled": false, "id": "cfda4980-a121-4cd5-83e7-7686f5c693ff", "last_modified": 1709323057609}