{"schema": 1689929284026, "derHash": "14bSKnvWHQamhYY3bcEiYGNZL02GSsTnva5Ar7YiON0=", "subject": "CN=GlobalSign Atlas ECCR5 DV ACME CA 2023 Q4,O=GlobalSign nv-sa,C=BE", "subjectDN": "MFwxCzAJBgNVBAYTAkJFMRkwFwYDVQQKExBHbG9iYWxTaWduIG52LXNhMTIwMAYDVQQDEylHbG9iYWxTaWduIEF0bGFzIEVDQ1I1IERWIEFDTUUgQ0EgMjAyMyBRNA==", "whitelist": false, "attachment": {"hash": "77eaa752cf1c30582351fb7243578535da488502544c57e92e3b3f8143dd5dd9", "size": 1199, "filename": "cSKPSXoZl1cGh06RPXxurEKjGQq_K_dKQCAlMuCG4l0=.pem", "location": "security-state-staging/intermediates/d750c111-7d23-416e-8068-905f41c7e342.pem", "mimetype": "application/x-pem-file"}, "pubKeyHash": "cSKPSXoZl1cGh06RPXxurEKjGQq/K/dKQCAlMuCG4l0=", "crlite_enrolled": false, "id": "d0ffc315-86cd-4808-be81-0b566d69392c", "last_modified": 1689929823470}