{"schema": 1691203683257, "derHash": "nU8KvQpALHB0+hnv8nyW/tMG3CgKDvXvhkNzwWl6Aeg=", "subject": "CN=Site Blindado RSA Domain Validation Secure Server CA 3,O=Site Blindado S.A.,C=BR", "subjectDN": "MGsxCzAJBgNVBAYTAkJSMRswGQYDVQQKExJTaXRlIEJsaW5kYWRvIFMuQS4xPzA9BgNVBAMTNlNpdGUgQmxpbmRhZG8gUlNBIERvbWFpbiBWYWxpZGF0aW9uIFNlY3VyZSBTZXJ2ZXIgQ0EgMw==", "whitelist": false, "attachment": {"hash": "a2b0fcc0b23d03d42ee83d5528997bc342b9e52885f7a591f17f5015b20de0eb", "size": 2292, "filename": "BvSrgrowByfBfiz9Y5S3CODpBlJ1x-7Xpu5ufmyCmew=.pem", "location": "security-state-staging/intermediates/f8b5c11a-e196-4ac6-8152-7001cc33995b.pem", "mimetype": "application/x-pem-file"}, "pubKeyHash": "BvSrgrowByfBfiz9Y5S3CODpBlJ1x+7Xpu5ufmyCmew=", "crlite_enrolled": false, "id": "d10e400e-2479-4e9d-8e6b-6d91bf3cf0d7", "last_modified": 1691204223396}