{"schema": 1691203686228, "derHash": "N9SdltMtm/hoQz68vKcgAbF+9Zr2Wf8arzFuogyEqP8=", "subject": "CN=Valid Certificadora RSA DV SSL CA,O=Valid Certificadora Digital LTDA,C=BR", "subjectDN": "MGQxCzAJBgNVBAYTAkJSMSkwJwYDVQQKEyBWYWxpZCBDZXJ0aWZpY2Fkb3JhIERpZ2l0YWwgTFREQTEqMCgGA1UEAxMhVmFsaWQgQ2VydGlmaWNhZG9yYSBSU0EgRFYgU1NMIENB", "whitelist": false, "attachment": {"hash": "52844f190c4733bb7c8d7ea974500a870a824f5114ef0f1c7610b5819ccd31c5", "size": 2284, "filename": "uWexcmxZxKlsnSK1T1R1hgUnwi_ql_e2qRObuvkyMZo=.pem", "location": "security-state-staging/intermediates/27d8e62b-f11b-4689-b012-57f48c2dec66.pem", "mimetype": "application/x-pem-file"}, "pubKeyHash": "uWexcmxZxKlsnSK1T1R1hgUnwi/ql/e2qRObuvkyMZo=", "crlite_enrolled": false, "id": "d17c69e8-cc94-432f-a67d-3c0ada497c9a", "last_modified": 1691204223408}