{"schema": 1691203688854, "derHash": "ORGKEg59Nohq5jL2FmslnqlXXvHQmky+wOF9g2ww2wU=", "subject": "CN=Valid Certificadora ECC EV SSL CA,O=Valid Certificadora Digital LTDA,C=BR", "subjectDN": "MGQxCzAJBgNVBAYTAkJSMSkwJwYDVQQKEyBWYWxpZCBDZXJ0aWZpY2Fkb3JhIERpZ2l0YWwgTFREQTEqMCgGA1UEAxMhVmFsaWQgQ2VydGlmaWNhZG9yYSBFQ0MgRVYgU1NMIENB", "whitelist": false, "attachment": {"hash": "3ee9085563b87f96a4f26bcc2ddd8867b117d256ee42ee7b44a8da47d8a95f28", "size": 1248, "filename": "961mseDsIKJetjdfJ0nTEen4aKBmS-wzq3-ZF1gBe0g=.pem", "location": "security-state-staging/intermediates/27de2810-609a-46f0-9ea7-09ed8cb6fa3a.pem", "mimetype": "application/x-pem-file"}, "pubKeyHash": "961mseDsIKJetjdfJ0nTEen4aKBmS+wzq3+ZF1gBe0g=", "crlite_enrolled": false, "id": "d1bb8d95-a0c9-4d71-986a-5b90a62746ee", "last_modified": 1691204223447}