{"schema": 1691462891546, "derHash": "QQK7CLfqGeVn62cQOExUCv2tmTrw2d+/kcpic3Vbi6A=", "subject": "CN=Sectigo Public Server Authentication CA OV E36,O=Sectigo Limited,C=GB", "subjectDN": "MGAxCzAJBgNVBAYTAkdCMRgwFgYDVQQKEw9TZWN0aWdvIExpbWl0ZWQxNzA1BgNVBAMTLlNlY3RpZ28gUHVibGljIFNlcnZlciBBdXRoZW50aWNhdGlvbiBDQSBPViBFMzY=", "whitelist": false, "attachment": {"hash": "33731ef19fa7b496fdad56f77fa6e052e7dcb97dc2a530e9a9fe0f65ce8e3939", "size": 1232, "filename": "C0ruG6pqJqe-UDfJO02OWmh2qaGi8SKyJkfeZdqg0Nc=.pem", "location": "security-state-staging/intermediates/ac0e5c69-93e1-4c98-a4db-7e18a588e589.pem", "mimetype": "application/x-pem-file"}, "pubKeyHash": "C0ruG6pqJqe+UDfJO02OWmh2qaGi8SKyJkfeZdqg0Nc=", "crlite_enrolled": false, "id": "d34f4210-932c-4aa4-8cd3-284866d86ebc", "last_modified": 1691463423516}