{"schema": 1702676885859, "derHash": "znVYC8Z5bTs+osPnQlnQ1AMHJAjpYMdxOcL7Wj2UGeQ=", "subject": "CN=Sectigo Public Server Authentication Root R46,O=Sectigo Limited,C=GB", "subjectDN": "MF8xCzAJBgNVBAYTAkdCMRgwFgYDVQQKEw9TZWN0aWdvIExpbWl0ZWQxNjA0BgNVBAMTLVNlY3RpZ28gUHVibGljIFNlcnZlciBBdXRoZW50aWNhdGlvbiBSb290IFI0Ng==", "whitelist": false, "attachment": {"hash": "7b1997c27bf553e2790dae9518128f592d597f964bd542ba20ab323fec95ce3f", "size": 1959, "filename": "Douxi77vs4G-Ib_BogbTFymEYq0QSFXwSgVCaZcI09Q=.pem", "location": "security-state-staging/intermediates/342d68ca-c5c7-4035-9b9e-605a2d14be23.pem", "mimetype": "application/x-pem-file"}, "pubKeyHash": "Douxi77vs4G+Ib/BogbTFymEYq0QSFXwSgVCaZcI09Q=", "crlite_enrolled": false, "id": "d658757e-f0e6-403c-add5-2d1b715ef254", "last_modified": 1702677423281}