{"schema": 1691203691999, "derHash": "WBRg1pWzgH+HEfJ3jcIuvdOxjd0yDd/NKONhnLKAsMQ=", "subject": "CN=RZTrust ECC EV SSL CA,O=Zhongxiong Century Credit Co.\\, Ltd,C=CN", "subjectDN": "MFoxCzAJBgNVBAYTAkNOMSswKQYDVQQKEyJaaG9uZ3hpb25nIENlbnR1cnkgQ3JlZGl0IENvLiwgTHRkMR4wHAYDVQQDExVSWlRydXN0IEVDQyBFViBTU0wgQ0E=", "whitelist": false, "attachment": {"hash": "88709b4e5698fe972646101feb72d7a18087dd5ce4e1966a2e067b25e14669b9", "size": 1236, "filename": "iv8ucwdV1mKbwmO3yMGnK8cJ1ua3fq0Naok9_5g742Y=.pem", "location": "security-state-staging/intermediates/72823fc9-14a1-40f0-b597-fa6d378b2f58.pem", "mimetype": "application/x-pem-file"}, "pubKeyHash": "iv8ucwdV1mKbwmO3yMGnK8cJ1ua3fq0Naok9/5g742Y=", "crlite_enrolled": false, "id": "d84c27a4-952d-4da6-bc98-de29493bbc4d", "last_modified": 1691204223421}