{"schema": 1700059676066, "derHash": "drJ7gKWAJ9w88dpo2sFwEO2TmX0LYD4vrb6FASSTtac=", "subject": "CN=GTS Root R4,O=Google Trust Services LLC,C=US", "subjectDN": "MEcxCzAJBgNVBAYTAlVTMSIwIAYDVQQKExlHb29nbGUgVHJ1c3QgU2VydmljZXMgTExDMRQwEgYDVQQDEwtHVFMgUm9vdCBSNA==", "whitelist": false, "attachment": {"hash": "96c81d6de46d0742f372c8cbf2f2353fe3629988e8d65e26d3ab17a49b031a7e", "size": 1264, "filename": "mEflZT5enoR1FuXLgYYGqnVEoZvmf9c2bVBpiOjYQ0c=.pem", "location": "security-state-staging/intermediates/65b14f50-6a3d-4b8e-937f-6be9603d8be5.pem", "mimetype": "application/x-pem-file"}, "pubKeyHash": "mEflZT5enoR1FuXLgYYGqnVEoZvmf9c2bVBpiOjYQ0c=", "crlite_enrolled": false, "id": "d8d4a791-3336-422c-aa11-2915c1f0cf26", "last_modified": 1700060223205}