{"schema": 1690296478698, "derHash": "oRXsDXPC6KuxiDE0+i3w2YXnQYgWBKQIKQfXBeJAfHI=", "subject": "CN=e-Szigno Qualified TLS CA 2023,O=Microsec Ltd.,L=Budapest,C=HU", "subjectDN": "MHoxCzAJBgNVBAYTAkhVMREwDwYDVQQHDAhCdWRhcGVzdDEWMBQGA1UECgwNTWljcm9zZWMgTHRkLjEXMBUGA1UEYQwOVkFUSFUtMjM1ODQ0OTcxJzAlBgNVBAMMHmUtU3ppZ25vIFF1YWxpZmllZCBUTFMgQ0EgMjAyMw==", "whitelist": false, "attachment": {"hash": "e5582687d546ac85a09c343f23ce9764cbc06e78844654f61940dde5034b145f", "size": 1439, "filename": "FfstIBJRQL_OSddFhkXVXxYXvlwpeV4N5QyzQSOMer4=.pem", "location": "security-state-staging/intermediates/c3eaa351-c45f-4c58-b312-1a214832f8b5.pem", "mimetype": "application/x-pem-file"}, "pubKeyHash": "FfstIBJRQL/OSddFhkXVXxYXvlwpeV4N5QyzQSOMer4=", "crlite_enrolled": false, "id": "da49e20c-b2f2-4d31-b07b-1064e96e3b70", "last_modified": 1690297023211}