{"schema": 1691203689187, "derHash": "m3P0RoKSGniwsJYfewMbqo7F0GH1Te8yZVjATxzjs1Y=", "subject": "CN=RZTrust ECC DV SSL CA,O=Zhongxiong Century Credit Co.\\, Ltd,C=CN", "subjectDN": "MFoxCzAJBgNVBAYTAkNOMSswKQYDVQQKEyJaaG9uZ3hpb25nIENlbnR1cnkgQ3JlZGl0IENvLiwgTHRkMR4wHAYDVQQDExVSWlRydXN0IEVDQyBEViBTU0wgQ0E=", "whitelist": false, "attachment": {"hash": "b26ccff276f28ce23f18d3d1004782a367f4f2dbdaffda68f47833f950659101", "size": 1256, "filename": "n9-nIppFPitMLMz8aPhtwnV6J26d8nIDdJeQt6Eubds=.pem", "location": "security-state-staging/intermediates/7b07dc4c-f616-4139-ae1d-70adb90aac55.pem", "mimetype": "application/x-pem-file"}, "pubKeyHash": "n9+nIppFPitMLMz8aPhtwnV6J26d8nIDdJeQt6Eubds=", "crlite_enrolled": false, "id": "db5eb429-79ee-4bb4-90df-836c89c0cd24", "last_modified": 1691204223436}