{"schema": 1702352884224, "derHash": "16Q6q1tZ9Yy2jMAc+Dijku6RP/Mw/nwzCe2jC4RUHQc=", "subject": "CN=vTrus DV SSL CA G2,O=iTrusChina Co.\\, Ltd.,C=CN", "subjectDN": "MEkxCzAJBgNVBAYTAkNOMR0wGwYDVQQKDBRpVHJ1c0NoaW5hIENvLiwgTHRkLjEbMBkGA1UEAwwSdlRydXMgRFYgU1NMIENBIEcy", "whitelist": false, "attachment": {"hash": "a28ebaa77124c4b2275a78789c6c65782052cf8a54da01edea3da85edb1d3437", "size": 1715, "filename": "6_JADGgIS7qnL3q5HjSoTOzc3odMNijcmursMnJhReQ=.pem", "location": "security-state-staging/intermediates/f00f70b3-f28e-431f-8f71-a2f633499040.pem", "mimetype": "application/x-pem-file"}, "pubKeyHash": "6/JADGgIS7qnL3q5HjSoTOzc3odMNijcmursMnJhReQ=", "crlite_enrolled": false, "id": "dc84f6b9-ac89-467f-bb01-900748e40219", "last_modified": 1702353423380}