{"schema": 1691462892209, "derHash": "n1mK8s7gMhgAukmsua3RRUXAj/5KBu+noJvDleNuXE0=", "subject": "CN=Atos TrustedRoot Server CA ECC 2022,O=Atos,C=DE", "subjectDN": "MEoxLDAqBgNVBAMMI0F0b3MgVHJ1c3RlZFJvb3QgU2VydmVyIENBIEVDQyAyMDIyMQ0wCwYDVQQKDARBdG9zMQswCQYDVQQGEwJERQ==", "whitelist": false, "attachment": {"hash": "2510e6ad635cd96c21562beded62d3aa29f0f3ed10b5adb29c6eca9db9cd6dbe", "size": 1593, "filename": "8KEW23ySm9lo7J6pGuljKJ3cjwPhuVAWxBJIxXB8TgE=.pem", "location": "security-state-staging/intermediates/61dd928f-9cbd-4e03-8549-9e9f094e0bc4.pem", "mimetype": "application/x-pem-file"}, "pubKeyHash": "8KEW23ySm9lo7J6pGuljKJ3cjwPhuVAWxBJIxXB8TgE=", "crlite_enrolled": false, "id": "dd822a3c-beed-4df7-9158-a424398daa0f", "last_modified": 1691463423519}