{"schema": 1691203686849, "derHash": "kDM0UKOvH0LbWVT4SRSxhidx6rRmzlL90Z6qw1lO3Ts=", "subject": "CN=Network Solutions RSA OV SSL CA 3,O=Network Solutions L.L.C.,C=US", "subjectDN": "MFwxCzAJBgNVBAYTAlVTMSEwHwYDVQQKExhOZXR3b3JrIFNvbHV0aW9ucyBMLkwuQy4xKjAoBgNVBAMTIU5ldHdvcmsgU29sdXRpb25zIFJTQSBPViBTU0wgQ0EgMw==", "whitelist": false, "attachment": {"hash": "1437cf1e0e4b90e2b36196fa15615057db4c3e00e6d4c015314006e6bf7c536d", "size": 2272, "filename": "MkbLAbYk3pBAD2BaO0EiRPvxV1qbyhJfFhc0skjkwfU=.pem", "location": "security-state-staging/intermediates/2ceeae7b-8328-4537-a52b-5fe480a97e90.pem", "mimetype": "application/x-pem-file"}, "pubKeyHash": "MkbLAbYk3pBAD2BaO0EiRPvxV1qbyhJfFhc0skjkwfU=", "crlite_enrolled": false, "id": "ddc97932-2e16-48d1-84b0-3815961ddf1f", "last_modified": 1691204223383}