{"schema": 1702486085061, "derHash": "LPVTkkmp44/AEOKf8+gEZljz0DC5MxBHNof6kfjaRMo=", "subject": "CN=vTrus OV SSL CA,O=iTrusChina Co.\\,Ltd.,C=CN", "subjectDN": "MEUxCzAJBgNVBAYTAkNOMRwwGgYDVQQKExNpVHJ1c0NoaW5hIENvLixMdGQuMRgwFgYDVQQDEw92VHJ1cyBPViBTU0wgQ0E=", "whitelist": false, "attachment": {"hash": "d32a79724707e94c73675621bcd08858efa114f126cfd38d017df2d44b3177b1", "size": 2064, "filename": "_AQe5lWT9xIwgAiIHcAT-pRj70-ckw8xE4qArEfIyd0=.pem", "location": "security-state-staging/intermediates/1ca4e475-3a37-4fba-b668-07c7f5b577dc.pem", "mimetype": "application/x-pem-file"}, "pubKeyHash": "/AQe5lWT9xIwgAiIHcAT+pRj70+ckw8xE4qArEfIyd0=", "crlite_enrolled": false, "id": "e01d9a3b-493a-4396-9ca4-f3f2de493daa", "last_modified": 1702486623388}