{"schema": 1719024776268, "derHash": "qz3oGfNC8KYdGZ1L6GpPfz8oEM3/Cwv/hy9Nk+gSzoA=", "subject": "CN=SSL.com TLS Issuing RSA CA R1,O=SSL Corporation,C=US", "subjectDN": "ME8xCzAJBgNVBAYTAlVTMRgwFgYDVQQKDA9TU0wgQ29ycG9yYXRpb24xJjAkBgNVBAMMHVNTTC5jb20gVExTIElzc3VpbmcgUlNBIENBIFIx", "whitelist": false, "attachment": {"hash": "1164037827e9098e1a72d32ca812010928452b24d425fecc657556a3ae232629", "size": 1792, "filename": "0FKBVxnyd4Jq8v8ST-3sjO-WoB7PLBEpSdixbHE1L4g=.pem", "location": "security-state-staging/intermediates/7d87e17a-40a1-4694-bd90-0e5d9218c6e7.pem", "mimetype": "application/x-pem-file"}, "pubKeyHash": "0FKBVxnyd4Jq8v8ST+3sjO+WoB7PLBEpSdixbHE1L4g=", "crlite_enrolled": false, "id": "e46a8e8e-bef3-4fd2-98e1-ecbff463e571", "last_modified": 1719025023261}