{"schema": 1719024773500, "derHash": "O4w3nyP6IiVqDh9E2S8KD8dwvN6fhVfxYBSbzaIu3ng=", "subject": "CN=SSL.com EV TLS Issuing ECC CA R1,O=SSL Corporation,C=US", "subjectDN": "MFIxCzAJBgNVBAYTAlVTMRgwFgYDVQQKDA9TU0wgQ29ycG9yYXRpb24xKTAnBgNVBAMMIFNTTC5jb20gRVYgVExTIElzc3VpbmcgRUNDIENBIFIx", "whitelist": false, "attachment": {"hash": "7625cc3a6cadb841df17d1dca35e294af256b9c56a45e43a582ea0d786608410", "size": 1406, "filename": "cCqwzeMmcY9GAwoG1CFguEUHPI8MEGng1iWmfPgg6H4=.pem", "location": "security-state-staging/intermediates/84939c8b-963a-414a-888f-aedc9c366336.pem", "mimetype": "application/x-pem-file"}, "pubKeyHash": "cCqwzeMmcY9GAwoG1CFguEUHPI8MEGng1iWmfPgg6H4=", "crlite_enrolled": false, "id": "e4fc358e-8793-4e9a-b4d5-cb322257ea3d", "last_modified": 1719025023274}