{"schema": 1691203684900, "derHash": "0FalaS8qdtqgpa6GnheZFJ1TAUKqi15v6tshxbgOEWk=", "subject": "CN=Corporation Service Company RSA OV SSL CA,O=Corporation Service Company,C=US", "subjectDN": "MGcxCzAJBgNVBAYTAlVTMSQwIgYDVQQKExtDb3Jwb3JhdGlvbiBTZXJ2aWNlIENvbXBhbnkxMjAwBgNVBAMTKUNvcnBvcmF0aW9uIFNlcnZpY2UgQ29tcGFueSBSU0EgT1YgU1NMIENB", "whitelist": false, "attachment": {"hash": "93822a7af2cbf4567b320db1e8d0723194b3e732f7a1c5dff0a94cde5563124e", "size": 2288, "filename": "eJFNz94QPdv8RexRcSa3nwty3nRqFlR7YXqKA5RGUGE=.pem", "location": "security-state-staging/intermediates/cac9666b-1fb7-41c7-a880-4447ceda3c6b.pem", "mimetype": "application/x-pem-file"}, "pubKeyHash": "eJFNz94QPdv8RexRcSa3nwty3nRqFlR7YXqKA5RGUGE=", "crlite_enrolled": false, "id": "e5ad58f6-b1c7-46c9-b610-d6c8ac4bd222", "last_modified": 1691204223413}