{"schema": 1705503186346, "derHash": "BOgIYDvkayU0Vi494jf0rnq+K14xQdjexHCoIjcNPbc=", "subject": "CN=GlobalSign Atlas E46 EV TLS CA 2024 Q2,O=GlobalSign nv-sa,C=BE", "subjectDN": "MFkxCzAJBgNVBAYTAkJFMRkwFwYDVQQKExBHbG9iYWxTaWduIG52LXNhMS8wLQYDVQQDEyZHbG9iYWxTaWduIEF0bGFzIEU0NiBFViBUTFMgQ0EgMjAyNCBRMg==", "whitelist": false, "attachment": {"hash": "3536d13c9902bfb62e34f8554dc470da81f30b5c0fd377fec2bf2ba505ec29c7", "size": 1199, "filename": "660nVcvNRcFsR3s7oHScFMybbR6KiQzPeKvSK--DK_k=.pem", "location": "security-state-staging/intermediates/e8b772ed-1da9-4055-a9a2-9c31cd486a1d.pem", "mimetype": "application/x-pem-file"}, "pubKeyHash": "660nVcvNRcFsR3s7oHScFMybbR6KiQzPeKvSK++DK/k=", "crlite_enrolled": false, "id": "e6083412-2f4f-451a-874b-5a62037d7f8a", "last_modified": 1705503423155}