{"schema": 1686304093822, "derHash": "ejrk8Skg1agSm+EYP77ENw7xC4s61B6uSljVOFqpTTM=", "subject": "CN=Microsoft Azure ECC TLS Issuing CA 04,O=Microsoft Corporation,C=US", "subjectDN": "MF0xCzAJBgNVBAYTAlVTMR4wHAYDVQQKExVNaWNyb3NvZnQgQ29ycG9yYXRpb24xLjAsBgNVBAMTJU1pY3Jvc29mdCBBenVyZSBFQ0MgVExTIElzc3VpbmcgQ0EgMDQ=", "whitelist": false, "attachment": {"hash": "6c58af37d5879a05821fdd13b27fe1d039ddb8c51337f0ebc9016e69136961ff", "size": 1223, "filename": "EYyBlNxqiU35_S5DF_T1fpKZju6M94UCcLjRQ471fBY=.pem", "location": "security-state-staging/intermediates/b260c80a-7dbc-4d40-891d-960244eb12a0.pem", "mimetype": "application/x-pem-file"}, "pubKeyHash": "EYyBlNxqiU35/S5DF/T1fpKZju6M94UCcLjRQ471fBY=", "crlite_enrolled": false, "id": "e691a59a-6a63-4c31-a7ce-dd60add22cc9", "last_modified": 1686304623470}