{"schema": 1697644095179, "derHash": "ELMQPS9JDSvy6V7M+ufWRm4ImSNIYZbklDHIj/Nh19c=", "subject": "CN=GlobalSign Atlas R3 AlphaSSL CA 2024 Q1,O=GlobalSign nv-sa,C=BE", "subjectDN": "MFoxCzAJBgNVBAYTAkJFMRkwFwYDVQQKExBHbG9iYWxTaWduIG52LXNhMTAwLgYDVQQDEydHbG9iYWxTaWduIEF0bGFzIFIzIEFscGhhU1NMIENBIDIwMjQgUTE=", "whitelist": false, "attachment": {"hash": "5dd34b46272d5787ea4fa4a1cee5b9c07bef31bb18d05dba9c767da3a3face4d", "size": 1642, "filename": "xj5Ul49ZHE5t22DWnWSKIHMaeuwPq_ikJmcuGVUkuOQ=.pem", "location": "security-state-staging/intermediates/caa7196f-50c0-4e4c-816f-07d78ff71fec.pem", "mimetype": "application/x-pem-file"}, "pubKeyHash": "xj5Ul49ZHE5t22DWnWSKIHMaeuwPq/ikJmcuGVUkuOQ=", "crlite_enrolled": false, "id": "e8db550c-54f3-492e-8df4-f56f6de8f169", "last_modified": 1697644623313}