{"schema": 1718419986483, "derHash": "iA+8RP5xqhvkDbEwkXsbrsG9iJsrPXR47aBHKGZ+i0Q=", "subject": "CN=GoDaddy Secure Certificate Authority - G5,O=GoDaddy Inc.,C=US", "subjectDN": "MFgxCzAJBgNVBAYTAlVTMRUwEwYDVQQKEwxHb0RhZGR5IEluYy4xMjAwBgNVBAMTKUdvRGFkZHkgU2VjdXJlIENlcnRpZmljYXRlIEF1dGhvcml0eSAtIEc1", "whitelist": false, "attachment": {"hash": "b0ab60886b732344120e026a516f1347e7b00beb8696ea917d500d651dfe8aa9", "size": 1983, "filename": "xHVm0DkmnVuuM9hP1BXFOradZUCdIX-phuSB2CBWNiU=.pem", "location": "security-state-staging/intermediates/848610e4-7c79-4502-9bb9-fd3613ddd9ba.pem", "mimetype": "application/x-pem-file"}, "pubKeyHash": "xHVm0DkmnVuuM9hP1BXFOradZUCdIX+phuSB2CBWNiU=", "crlite_enrolled": false, "id": "e91fe4d1-97c5-4d44-b3b9-eeafa19ab96f", "last_modified": 1718420223252}