{"schema": 1691203693535, "derHash": "eaToBEoSycJcqlMDLPSbGsfO6vH4sK2TsZpbbXNRF9k=", "subject": "CN=TBS ECC Organization Validation Secure Server CA 3,O=TBS Internet Ltd,C=GB", "subjectDN": "MGUxCzAJBgNVBAYTAkdCMRkwFwYDVQQKExBUQlMgSW50ZXJuZXQgTHRkMTswOQYDVQQDEzJUQlMgRUNDIE9yZ2FuaXphdGlvbiBWYWxpZGF0aW9uIFNlY3VyZSBTZXJ2ZXIgQ0EgMw==", "whitelist": false, "attachment": {"hash": "474b66bbe890de32addfd18e5158a9b218510bb9b88b49de950205b1cd7d1860", "size": 1272, "filename": "RIm3sUp38QcMpkuc0BxL_ND6ICnaLhVQt8Ss75Q8Stc=.pem", "location": "security-state-staging/intermediates/4398a7a3-30a1-47a3-b806-ac96917dcf2b.pem", "mimetype": "application/x-pem-file"}, "pubKeyHash": "RIm3sUp38QcMpkuc0BxL/ND6ICnaLhVQt8Ss75Q8Stc=", "crlite_enrolled": false, "id": "ee5b6664-2097-4b03-8542-34fd1a0a842e", "last_modified": 1691204223476}