{"schema": 1705503184874, "derHash": "q0N8awz3bf4+1wAXQ2gKFRabjYiuwAqfcabCgkro/0E=", "subject": "CN=GlobalSign Atlas R3 OV ACME CA 2024 Q2,O=GlobalSign nv-sa,C=BE", "subjectDN": "MFkxCzAJBgNVBAYTAkJFMRkwFwYDVQQKExBHbG9iYWxTaWduIG52LXNhMS8wLQYDVQQDEyZHbG9iYWxTaWduIEF0bGFzIFIzIE9WIEFDTUUgQ0EgMjAyNCBRMg==", "whitelist": false, "attachment": {"hash": "910bf03cdf3fa3ae1c6d6d0e6fc94c87191aa74efcf445b57e3233a2cfa17c40", "size": 1642, "filename": "sTITjdyzbufqQcFMCyTHS_F6AxlzIWMLyJM8V8Bk_T4=.pem", "location": "security-state-staging/intermediates/5b0e8b09-8b61-4587-8e16-ec4ffb6b7125.pem", "mimetype": "application/x-pem-file"}, "pubKeyHash": "sTITjdyzbufqQcFMCyTHS/F6AxlzIWMLyJM8V8Bk/T4=", "crlite_enrolled": false, "id": "eebd2808-c11c-42f2-a774-8c3603f2a033", "last_modified": 1705503423147}