{"schema": 1691462895789, "derHash": "TPdz+VX9t6l9sSUPL9e6NgdalhZrtcxBe1wCHQ9wrfI=", "subject": "CN=SSL.com EV TLS Transit ECC CA R2,O=SSL Corporation,C=US", "subjectDN": "MFIxCzAJBgNVBAYTAlVTMRgwFgYDVQQKDA9TU0wgQ29ycG9yYXRpb24xKTAnBgNVBAMMIFNTTC5jb20gRVYgVExTIFRyYW5zaXQgRUNDIENBIFIy", "whitelist": false, "attachment": {"hash": "deac762e51138bd3f8df0a48738b9f77c51aa66c6524b2fc50deadf591f0e63e", "size": 1219, "filename": "YhmwQZRxuMMLT6QK3cqSB3SCtkKBIgqOYUC1UCixGUM=.pem", "location": "security-state-staging/intermediates/286b2242-3b97-4d62-a7f5-1264c34db11e.pem", "mimetype": "application/x-pem-file"}, "pubKeyHash": "YhmwQZRxuMMLT6QK3cqSB3SCtkKBIgqOYUC1UCixGUM=", "crlite_enrolled": false, "id": "ef50d81e-347e-4ad0-8333-9060302ffe2c", "last_modified": 1691463423563}