{"schema": 1719024775044, "derHash": "4xkQJsUmSHoF9orfS4yjlcBEqmtecqcOhznacahg0Ns=", "subject": "CN=SSL.com IV TLS Issuing ECC CA 1,O=SSL Corporation,C=US", "subjectDN": "MFExCzAJBgNVBAYTAlVTMRgwFgYDVQQKDA9TU0wgQ29ycG9yYXRpb24xKDAmBgNVBAMMH1NTTC5jb20gSVYgVExTIElzc3VpbmcgRUNDIENBIDE=", "whitelist": false, "attachment": {"hash": "9391eb50931d558d5eb66ebbe2b3ece7dc2375d41443661167029ecc302298a4", "size": 1386, "filename": "Zd5CFIWdko8GdSBgv9xIY2vQLDplCKAQgT7bRrFKcVo=.pem", "location": "security-state-staging/intermediates/bf5c0d10-9619-43ab-91f7-ad5abe09e56d.pem", "mimetype": "application/x-pem-file"}, "pubKeyHash": "Zd5CFIWdko8GdSBgv9xIY2vQLDplCKAQgT7bRrFKcVo=", "crlite_enrolled": false, "id": "efaee209-130f-4744-a465-c6336294e123", "last_modified": 1719025023238}