{"schema": 1691203685236, "derHash": "lgr9RR97VBZwjNsWGkce70OTnlJA6fQhjwpZuGaUa5c=", "subject": "CN=Site Blindado RSA Organization Validation Secure Server CA 3,O=Site Blindado S.A.,C=BR", "subjectDN": "MHExCzAJBgNVBAYTAkJSMRswGQYDVQQKExJTaXRlIEJsaW5kYWRvIFMuQS4xRTBDBgNVBAMTPFNpdGUgQmxpbmRhZG8gUlNBIE9yZ2FuaXphdGlvbiBWYWxpZGF0aW9uIFNlY3VyZSBTZXJ2ZXIgQ0EgMw==", "whitelist": false, "attachment": {"hash": "0c6f0ce1e88a7ad5224053d377732603f4e19298915274d042a4921f505eae41", "size": 2300, "filename": "usSzZviI45lU-cZkuxmTmt3D7aO-X3YED_xHpdc24cI=.pem", "location": "security-state-staging/intermediates/ad3cba04-65cd-4209-97a4-948f591ebe07.pem", "mimetype": "application/x-pem-file"}, "pubKeyHash": "usSzZviI45lU+cZkuxmTmt3D7aO+X3YED/xHpdc24cI=", "crlite_enrolled": false, "id": "efed4cd0-5f73-4b0f-a19f-6b5e12fb1707", "last_modified": 1691204223418}