{"schema": 1691462896110, "derHash": "C53yb/h9+S7CZWYe7ILQn4p1MQBvPNpNb3KIlhsjsEU=", "subject": "CN=SSL.com IV TLS Issuing RSA CA 1,O=SSL Corporation,C=US", "subjectDN": "MFExCzAJBgNVBAYTAlVTMRgwFgYDVQQKDA9TU0wgQ29ycG9yYXRpb24xKDAmBgNVBAMMH1NTTC5jb20gSVYgVExTIElzc3VpbmcgUlNBIENBIDE=", "whitelist": false, "attachment": {"hash": "0f3eeeaeb3254359d65fa062cb898c3e08e7176beb1efc9b6c1950c2ba4b44c2", "size": 2146, "filename": "mhzhCo3EEEyXI3PieOhth0fVaJYvXtTu14HQEFJNQ18=.pem", "location": "security-state-staging/intermediates/b1eb2577-4c07-4d79-8831-6bd8869c3f1c.pem", "mimetype": "application/x-pem-file"}, "pubKeyHash": "mhzhCo3EEEyXI3PieOhth0fVaJYvXtTu14HQEFJNQ18=", "crlite_enrolled": false, "id": "f142e144-3fa0-479e-98f3-22d33b66dda1", "last_modified": 1691463423565}