{"schema": 1711724029289, "derHash": "yh/1TgMRhvkAa7FI+M5qU/BXQqS2zo/+ed/SrkceuqU=", "subject": "CN=Certigna Server Authentication ACME FR CA G1,O=Certigna,C=FR", "subjectDN": "MHYxCzAJBgNVBAYTAkZSMREwDwYDVQQKDAhDZXJ0aWduYTEdMBsGA1UEYQwUTlRSRlItNDgxNDYzMDgxMDAwMzYxNTAzBgNVBAMMLENlcnRpZ25hIFNlcnZlciBBdXRoZW50aWNhdGlvbiBBQ01FIEZSIENBIEcx", "whitelist": false, "attachment": {"hash": "661792dc63ededccb7dc2dfcd2918e5d8236c2dedcce5f8da637be0e28481a61", "size": 2052, "filename": "OQzKIkNRq8kQgHkelHOGFIGYVop2_zdqAGChunarhRQ=.pem", "location": "security-state-staging/intermediates/728c8635-f40a-4594-87cd-5740ebcc5aab.pem", "mimetype": "application/x-pem-file"}, "pubKeyHash": "OQzKIkNRq8kQgHkelHOGFIGYVop2/zdqAGChunarhRQ=", "crlite_enrolled": false, "id": "f14d65ec-1130-46a3-b84f-246c756cb63b", "last_modified": 1711724223128}