{"schema": 1693406886101, "derHash": "Obbjs4j3SVId8rNUGC60zYfUvzZDm/rwIC5Vls/CyqQ=", "subject": "CN=SECOM Passport for Web EV 2.0 CA,O=SECOM Trust Systems CO.\\,LTD.,C=JP", "subjectDN": "MF8xCzAJBgNVBAYTAkpQMSUwIwYDVQQKExxTRUNPTSBUcnVzdCBTeXN0ZW1zIENPLixMVEQuMSkwJwYDVQQDEyBTRUNPTSBQYXNzcG9ydCBmb3IgV2ViIEVWIDIuMCBDQQ==", "whitelist": false, "attachment": {"hash": "465f2f588af159270d8a966f6dac1d5c3cc9f88a6dfde6b136c9dcffe8523052", "size": 1662, "filename": "Wa2FjlVfGKwvkiH0LYWh-y-ihHlaTmVQ-gqZEsR3RwY=.pem", "location": "security-state-staging/intermediates/9df0a300-6455-4e1f-9aa9-bb6d2f52f0a1.pem", "mimetype": "application/x-pem-file"}, "pubKeyHash": "Wa2FjlVfGKwvkiH0LYWh+y+ihHlaTmVQ+gqZEsR3RwY=", "crlite_enrolled": false, "id": "f3a57b4b-1087-4064-afdc-fd3d8fd73b7b", "last_modified": 1693407423723}