{"schema": 1686304093484, "derHash": "URwcQct+sqEAeMMsgvF5Jbp4beRsYzkh0DjnQJ4Vpeo=", "subject": "CN=Microsoft Azure RSA TLS Issuing CA 08,O=Microsoft Corporation,C=US", "subjectDN": "MF0xCzAJBgNVBAYTAlVTMR4wHAYDVQQKExVNaWNyb3NvZnQgQ29ycG9yYXRpb24xLjAsBgNVBAMTJU1pY3Jvc29mdCBBenVyZSBSU0EgVExTIElzc3VpbmcgQ0EgMDg=", "whitelist": false, "attachment": {"hash": "b2d8fd2a16d7cb07aff2f8d36716fe90e1e51766df23dc49d04930d152dced41", "size": 2028, "filename": "LjZtjXjXZ6xC52xYpbqo-7iCeMHHB3aNu04-PJtDyYg=.pem", "location": "security-state-staging/intermediates/d0535e94-655d-4f27-8b45-ad5ac9f6cbe0.pem", "mimetype": "application/x-pem-file"}, "pubKeyHash": "LjZtjXjXZ6xC52xYpbqo+7iCeMHHB3aNu04+PJtDyYg=", "crlite_enrolled": false, "id": "f41f9392-bf2c-41f9-9d5c-38154f217967", "last_modified": 1686304623461}