{"schema": 1691462891909, "derHash": "XRvDmSdOZJ4ccml96RpUrXJQiMUiHLYeF+6cKQvEKpI=", "subject": "CN=SSL.com TLS Transit ECC CA R2,O=SSL Corporation,C=US", "subjectDN": "ME8xCzAJBgNVBAYTAlVTMRgwFgYDVQQKDA9TU0wgQ29ycG9yYXRpb24xJjAkBgNVBAMMHVNTTC5jb20gVExTIFRyYW5zaXQgRUNDIENBIFIy", "whitelist": false, "attachment": {"hash": "fdbf0743886b9b23d800d8c83737d68c6a8319aed67865a3dd1831b3b94a4f48", "size": 1171, "filename": "OXyj9ngbqO9cjLeO_-t9Ggl2EP4JTnVWHq4LEwhFM9w=.pem", "location": "security-state-staging/intermediates/d713378e-9de0-49fc-bbe7-553927cb79b3.pem", "mimetype": "application/x-pem-file"}, "pubKeyHash": "OXyj9ngbqO9cjLeO/+t9Ggl2EP4JTnVWHq4LEwhFM9w=", "crlite_enrolled": false, "id": "f5aebbaf-2b63-4231-b9d9-3061ccf873db", "last_modified": 1691463423534}