{"schema": 1695307682604, "derHash": "+xOJDHqxT/e5SycUUD4xEjv900D8TZeXQxZuBGm0eog=", "subject": "CN=Certum Trusted Root CA,OU=Certum Certification Authority,O=Asseco Data Systems S.A.,C=PL", "subjectDN": "MHoxCzAJBgNVBAYTAlBMMSEwHwYDVQQKExhBc3NlY28gRGF0YSBTeXN0ZW1zIFMuQS4xJzAlBgNVBAsTHkNlcnR1bSBDZXJ0aWZpY2F0aW9uIEF1dGhvcml0eTEfMB0GA1UEAxMWQ2VydHVtIFRydXN0ZWQgUm9vdCBDQQ==", "whitelist": false, "attachment": {"hash": "a586257fe96fc4e4a0d2e95d3c14a7d15541cc2858fa8f573dcac84fe1040205", "size": 2060, "filename": "aB3EgsKWyEAsbrsg5oMJo7yEZSOuNLmEqE7ml6MxLbc=.pem", "location": "security-state-staging/intermediates/7a2c407a-2716-4f14-978e-9a399d955741.pem", "mimetype": "application/x-pem-file"}, "pubKeyHash": "aB3EgsKWyEAsbrsg5oMJo7yEZSOuNLmEqE7ml6MxLbc=", "crlite_enrolled": false, "id": "f655736e-e759-4498-8498-648772d8f63d", "last_modified": 1695308223097}