{"schema": 1689929284314, "derHash": "4O5LQh2QWSJPDNOte8kFCx3teHGKStJtjeP7QCEPH6E=", "subject": "CN=GlobalSign Atlas R3 DV ACME CA 2023 Q4,O=GlobalSign nv-sa,C=BE", "subjectDN": "MFkxCzAJBgNVBAYTAkJFMRkwFwYDVQQKExBHbG9iYWxTaWduIG52LXNhMS8wLQYDVQQDEyZHbG9iYWxTaWduIEF0bGFzIFIzIERWIEFDTUUgQ0EgMjAyMyBRNA==", "whitelist": false, "attachment": {"hash": "8ad44e3b2a107c4708f63fa28c341b96ed2b6a01cd16c3ced0aee2858288515b", "size": 1642, "filename": "OB-rJj9cwenrStgWOxc0Kf8noe4X1ba9o2XQqsoa5jk=.pem", "location": "security-state-staging/intermediates/6cea8a9d-7dc4-46ef-b07f-89fb4c77d86a.pem", "mimetype": "application/x-pem-file"}, "pubKeyHash": "OB+rJj9cwenrStgWOxc0Kf8noe4X1ba9o2XQqsoa5jk=", "crlite_enrolled": false, "id": "f77f9ad4-d759-4cbd-920d-992d5b6cf0e8", "last_modified": 1689929823491}