{"schema": 1692910086131, "derHash": "AmCeiJefxoYuoVcfO8bfbHDy/pJ3Rz5D/gTDWXxDQx0=", "subject": "CN=GTS CA 1D9,O=Google Trust Services LLC,C=US", "subjectDN": "MEYxCzAJBgNVBAYTAlVTMSIwIAYDVQQKExlHb29nbGUgVHJ1c3QgU2VydmljZXMgTExDMRMwEQYDVQQDEwpHVFMgQ0EgMUQ5", "whitelist": false, "attachment": {"hash": "d44fe24100e78a1699cb4766985db89ddd82c97eb1d2f7d5cbc6c7d0fa9bdf59", "size": 1987, "filename": "VhionU4ApKSODjkwxSzRGaien1cg3KhOAaTX0sEzqA4=.pem", "location": "security-state-staging/intermediates/f02c6bb6-5014-4963-a200-4062712233bd.pem", "mimetype": "application/x-pem-file"}, "pubKeyHash": "VhionU4ApKSODjkwxSzRGaien1cg3KhOAaTX0sEzqA4=", "crlite_enrolled": false, "id": "f850e310-6786-40c0-86b7-56b717fc241a", "last_modified": 1692910623870}