{"schema": 1691203690401, "derHash": "SFR1x4z8/I59G/Tf+abEiiTkh6D6ABblwjZ2mYww2s8=", "subject": "CN=EUNETIC RSA Extended Validation Secure Server CA 3,O=EUNETIC GmbH,C=DE", "subjectDN": "MGExCzAJBgNVBAYTAkRFMRUwEwYDVQQKEwxFVU5FVElDIEdtYkgxOzA5BgNVBAMTMkVVTkVUSUMgUlNBIEV4dGVuZGVkIFZhbGlkYXRpb24gU2VjdXJlIFNlcnZlciBDQSAz", "whitelist": false, "attachment": {"hash": "d5eade9b3522677576fa9c60fe2d338ab052b1d85b17e1276909cfbab78d93be", "size": 2255, "filename": "9Xo0XoHAnRSV-6TY_dALGkkUz2PBKBy9hqXeErnKBrg=.pem", "location": "security-state-staging/intermediates/f10f9f7e-4a1e-410f-85a8-2e9970485f10.pem", "mimetype": "application/x-pem-file"}, "pubKeyHash": "9Xo0XoHAnRSV+6TY/dALGkkUz2PBKBy9hqXeErnKBrg=", "crlite_enrolled": false, "id": "f90bba9f-9505-4cba-ad07-fa4913a47b9f", "last_modified": 1691204223453}