{"schema": 1705503186030, "derHash": "HSBE4nvcRBHKP6NA0ILBzDKxNmNH1AY+iYRjr6w//wY=", "subject": "CN=GlobalSign Atlas R3 DV TLS CA 2024 Q2,O=GlobalSign nv-sa,C=BE", "subjectDN": "MFgxCzAJBgNVBAYTAkJFMRkwFwYDVQQKExBHbG9iYWxTaWduIG52LXNhMS4wLAYDVQQDEyVHbG9iYWxTaWduIEF0bGFzIFIzIERWIFRMUyBDQSAyMDI0IFEy", "whitelist": false, "attachment": {"hash": "2546a507b0a7567c5e95eede4e0d04fedc7bee333865b42e75f2061ff57338d8", "size": 1642, "filename": "Q8EnsLk8vTIWNzmsmTAWeaot9K_dGpLZbJMW-qEIQHE=.pem", "location": "security-state-staging/intermediates/ec6453f9-5bf8-4ee9-8e17-c79cc8cb0c54.pem", "mimetype": "application/x-pem-file"}, "pubKeyHash": "Q8EnsLk8vTIWNzmsmTAWeaot9K/dGpLZbJMW+qEIQHE=", "crlite_enrolled": false, "id": "f96ed8cd-a04a-4851-9925-344181aeed2a", "last_modified": 1705503423126}