{"schema": 1691203688549, "derHash": "FPdJAriY0ZmYnTozeSgJ2rs1DUTPA8nEmASLSG5EOAQ=", "subject": "CN=JoySSL ECC Organization Validation Secure Server CA,O=JoySSL Limited,C=CN", "subjectDN": "MGQxCzAJBgNVBAYTAkNOMRcwFQYDVQQKEw5Kb3lTU0wgTGltaXRlZDE8MDoGA1UEAxMzSm95U1NMIEVDQyBPcmdhbml6YXRpb24gVmFsaWRhdGlvbiBTZWN1cmUgU2VydmVyIENB", "whitelist": false, "attachment": {"hash": "9353e4036e7d431968faa7821091d9eb1bd4f19d1b481ec0f4a5b1e0bff64405", "size": 1268, "filename": "9txvjDowBhhCEiGfjgacY-LBti-YanbxSA5WDXmiCBk=.pem", "location": "security-state-staging/intermediates/34df1abb-6b9b-4956-a44c-142bfce0638c.pem", "mimetype": "application/x-pem-file"}, "pubKeyHash": "9txvjDowBhhCEiGfjgacY+LBti+YanbxSA5WDXmiCBk=", "crlite_enrolled": false, "id": "fa529ce8-2e2a-469a-8742-5bfe6b8d7c46", "last_modified": 1691204223431}