{"schema": 1697644093954, "derHash": "UUoUyCizqxYN2dEYYbvr5e76Kmygq4YAPNGggKo2qdQ=", "subject": "CN=GlobalSign Atlas ECCR5 OV TLS CA 2024 Q1,O=GlobalSign nv-sa,C=BE", "subjectDN": "MFsxCzAJBgNVBAYTAkJFMRkwFwYDVQQKExBHbG9iYWxTaWduIG52LXNhMTEwLwYDVQQDEyhHbG9iYWxTaWduIEF0bGFzIEVDQ1I1IE9WIFRMUyBDQSAyMDI0IFEx", "whitelist": false, "attachment": {"hash": "ca73a39238772d4510166c287b756c3fd0cfa465602b791f5a0d05f6ca27cd85", "size": 1195, "filename": "I8BzKzF0nkRRs5UgZo00HnfGZ-7gXoNqbzviXSGQa1Y=.pem", "location": "security-state-staging/intermediates/85c133f3-c82d-4cfd-a2e1-7099f93f70b3.pem", "mimetype": "application/x-pem-file"}, "pubKeyHash": "I8BzKzF0nkRRs5UgZo00HnfGZ+7gXoNqbzviXSGQa1Y=", "crlite_enrolled": false, "id": "fcb72838-0ad1-4ea7-a1c1-4784b16e728b", "last_modified": 1697644623303}