{"schema": 1699976885666, "derHash": "a8sUfUHptXf0AAKlxLoIhGc3gFqv6FVN0OciBPYAe6c=", "subject": "CN=SSL.com TLS RSA Root CA 2022,O=SSL Corporation,C=US", "subjectDN": "ME4xCzAJBgNVBAYTAlVTMRgwFgYDVQQKDA9TU0wgQ29ycG9yYXRpb24xJTAjBgNVBAMMHFNTTC5jb20gVExTIFJTQSBSb290IENBIDIwMjI=", "whitelist": false, "attachment": {"hash": "7d4076e583d0c3f435a11e516b62cf496a5004671429c33f2f357f6d15c92f27", "size": 2377, "filename": "K89VOmb1cJAN3TK6bf4ezAbJGC1mLcG2Dh97dnwr3VQ=.pem", "location": "security-state-staging/intermediates/aaa729fd-6eb1-4f1e-bdd4-46e7709a02ff.pem", "mimetype": "application/x-pem-file"}, "pubKeyHash": "K89VOmb1cJAN3TK6bf4ezAbJGC1mLcG2Dh97dnwr3VQ=", "crlite_enrolled": false, "id": "fda4fe85-c112-4330-bf7a-944c38636f92", "last_modified": 1699977423177}