{"schema": 1691203694260, "derHash": "Jl+79eqGErlkvdIyACBA9eUyD8NYNZMY4hZmje3cRMo=", "subject": "CN=Valid Certificadora ECC DV SSL CA,O=Valid Certificadora Digital LTDA,C=BR", "subjectDN": "MGQxCzAJBgNVBAYTAkJSMSkwJwYDVQQKEyBWYWxpZCBDZXJ0aWZpY2Fkb3JhIERpZ2l0YWwgTFREQTEqMCgGA1UEAxMhVmFsaWQgQ2VydGlmaWNhZG9yYSBFQ0MgRFYgU1NMIENB", "whitelist": false, "attachment": {"hash": "c21a56436edc6eb502ad8b10b543b0ff5560d7d140efd2f072c47d9049a9c9ef", "size": 1272, "filename": "tB0GG0pENi6tPYPDODNkdWRmTlCtoWmE5DV0ISTqGUM=.pem", "location": "security-state-staging/intermediates/76aabb36-3c58-4c7c-bd3f-c7534d2a83ed.pem", "mimetype": "application/x-pem-file"}, "pubKeyHash": "tB0GG0pENi6tPYPDODNkdWRmTlCtoWmE5DV0ISTqGUM=", "crlite_enrolled": false, "id": "fdbec5ad-abae-476c-80c0-b5587611db32", "last_modified": 1691204223478}