{"schema": 1713452052498, "derHash": "iJW+zvwq52yxVHc0XzJL0rljPKYutDui/Zx/29uG5zs=", "subject": "CN=GlobalSign Atlas E46 EV TLS CA 2024 Q3,O=GlobalSign nv-sa,C=BE", "subjectDN": "MFkxCzAJBgNVBAYTAkJFMRkwFwYDVQQKExBHbG9iYWxTaWduIG52LXNhMS8wLQYDVQQDEyZHbG9iYWxTaWduIEF0bGFzIEU0NiBFViBUTFMgQ0EgMjAyNCBRMw==", "whitelist": false, "attachment": {"hash": "6d71e60403974080f3a60316da33e3cd0853f79eb814af508d28e1183d735128", "size": 1195, "filename": "GL1_4VKxhjyJ54_uySfexhsBT5pCdaSyVqFsqOgJF8I=.pem", "location": "security-state-staging/intermediates/be82d832-3efe-4188-bfc3-a861cecf3e7c.pem", "mimetype": "application/x-pem-file"}, "pubKeyHash": "GL1/4VKxhjyJ54/uySfexhsBT5pCdaSyVqFsqOgJF8I=", "crlite_enrolled": false, "id": "ffd3b55a-6cc6-4a36-8490-00225549d1a0", "last_modified": 1713452223321}